NumDealsPurchases,NumWebVisitsMonth,TotalPurchases,Age,Recency,CustomerTenure,TotalSpend,Income,Segment
3,7,22,69,58,4983,1617,58138.0,0
2,5,4,72,38,4433,27,46344.0,1
1,4,20,61,26,4632,776,71613.0,2
2,6,6,42,26,4459,53,26646.0,1
5,5,14,45,94,4481,422,58293.0,0
2,6,20,59,16,4613,716,62513.0,2
4,6,17,55,34,4913,590,55635.0,0
2,8,8,41,32,4737,169,33454.0,1
1,9,5,52,19,4708,46,30351.0,1
1,20,1,76,68,4428,49,5648.0,1
1,7,3,43,11,4546,19,51381.5,1
1,8,5,50,59,4913,61,7500.0,1
1,2,15,67,82,4546,1102,63033.0,2
3,6,12,74,53,4546,310,59354.0,0
1,8,4,39,38,4947,46,17323.0,1
1,3,25,80,23,4902,1315,82800.0,2
3,8,6,46,51,4872,96,41850.0,1
2,7,11,80,20,4987,317,37760.0,0
2,5,24,77,91,4778,1782,76995.0,2
2,6,6,41,86,4923,133,33812.0,1
1,8,11,44,41,5010,316,37040.0,1
15,1,28,47,42,4859,1730,2447.0,0
3,8,14,77,63,4873,972,58607.0,0
3,4,17,72,0,4489,544,65324.0,2
7,8,13,75,69,4788,444,40689.0,0
2,7,6,57,89,4863,75,18589.0,1
4,7,10,50,4,4718,257,53359.0,0
0,1,27,40,19,4814,637,51381.5,2
2,3,7,37,26,4714,131,38360.0,1
1,2,25,61,96,4539,1672,84618.0,2
2,5,6,37,34,4358,30,10979.0,1
1,3,10,63,56,4734,318,38620.0,1
2,5,7,56,31,4947,120,40548.0,1
6,6,11,74,8,4928,302,46610.0,0
1,7,17,80,4,4814,1196,68657.0,2
1,7,5,75,55,4624,65,49389.0,1
5,2,23,56,37,4500,913,67353.0,2
3,7,6,50,76,4620,81,23718.0,1
2,5,5,53,99,4458,67,42429.0,1
2,6,22,83,53,4833,902,48948.0,0
2,4,19,46,3,4746,1395,80011.0,2
2,8,5,41,88,4794,53,20559.0,1
1,5,3,69,4,4872,22,21994.0,1
1,2,8,67,80,4556,186,51381.5,1
3,5,5,51,19,4590,31,7500.0,1
1,1,15,50,72,4321,984,79941.0,2
3,9,7,30,24,4917,122,7500.0,1
1,10,4,58,92,4721,55,41728.0,1
3,6,7,75,96,4499,124,51381.5,1
9,8,19,72,39,4918,1319,72550.0,0
1,2,16,69,29,4368,507,65486.0,2
1,3,28,62,2,5007,1693,79143.0,2
2,7,5,49,54,4863,72,35790.0,1
1,1,20,49,54,4342,1617,82582.0,2
7,3,16,48,57,4702,606,66373.0,0
1,1,26,71,55,4907,1957,82384.0,2
1,3,20,60,30,4773,1093,70287.0,2
1,3,5,38,31,4382,29,27938.0,1
2,6,5,44,57,4697,46,51381.5,1
3,7,16,58,63,4438,518,55954.0,0
1,1,20,44,12,4680,1438,75777.0,2
4,3,18,51,18,4980,612,66653.0,0
4,7,20,74,26,4816,884,61823.0,0
1,5,18,75,8,4703,606,67680.0,2
1,4,15,78,29,4525,1076,70666.0,2
1,7,4,55,75,4724,34,25721.0,1
1,7,3,59,0,4369,11,32474.0,1
1,5,31,47,19,4422,1274,88194.0,2
1,4,17,68,4,4595,653,69096.0,2
7,5,12,56,90,4767,1562,74854.0,0
3,3,18,72,1,4976,1253,66991.0,2
3,8,6,53,25,4973,109,51381.5,1
4,7,26,67,29,4789,863,65031.0,0
5,7,19,51,88,4770,661,60631.0,0
1,2,7,74,58,4380,65,28332.0,1
1,6,3,49,68,4877,13,40246.0,1
1,5,18,54,34,4991,1890,75251.0,2
0,4,22,50,40,4945,2209,75825.0,2
1,3,3,50,12,4618,18,26326.0,1
2,8,19,61,9,4863,692,56046.0,0
4,8,8,41,87,4989,165,29760.0,1
1,7,3,57,5,4691,16,26304.0,1
3,7,6,53,87,4681,79,23559.0,1
1,3,10,63,56,4734,318,38620.0,1
1,1,26,39,18,4444,778,81361.0,2
2,7,5,66,95,4642,56,29440.0,1
5,7,8,56,48,4668,151,36138.0,1
4,7,13,69,3,4352,372,50388.0,0
1,2,18,53,70,4368,1366,79593.0,2
1,2,9,59,79,4479,194,54178.0,1
12,9,17,69,4,4907,603,51381.5,0
1,7,3,69,45,4353,18,51381.5,1
1,1,14,53,87,4538,985,51381.5,2
1,7,4,54,69,4418,32,42394.0,1
3,5,7,56,84,4356,43,23626.0,1
1,6,5,43,30,4358,45,30096.0,1
5,6,17,66,72,4904,606,47916.0,0
2,7,5,54,37,4764,63,51813.0,1
1,2,24,75,44,4530,978,78497.0,2
2,5,14,43,32,4694,410,50150.0,1
2,8,5,66,0,4661,72,47823.0,1
2,6,5,67,43,4411,55,34554.0,1
2,5,25,47,59,4755,1169,85693.0,2
1,4,15,81,68,4728,1120,65846.0,2
1,1,19,67,35,4372,1097,87195.0,2
1,5,4,47,94,4521,29,24594.0,1
4,7,9,62,15,4598,187,49096.0,1
4,6,22,57,56,4832,910,52413.0,0
2,7,7,48,17,4877,145,38557.0,1
1,2,13,66,18,4889,850,89058.0,2
1,3,23,47,46,4559,969,77298.0,2
1,9,16,35,40,4916,1820,68126.0,2
3,6,17,63,27,4324,608,57288.0,2
1,3,24,35,95,4863,730,86037.0,2
5,7,16,46,19,4884,551,43974.0,0
2,6,6,64,27,4612,114,50785.0,1
0,1,15,56,25,4476,1724,90765.0,2
5,9,15,48,74,4815,577,36550.0,0
2,5,5,59,85,4673,81,30753.0,1
2,6,5,57,37,4547,33,21918.0,1
4,4,18,73,65,4694,660,56129.0,0
3,5,6,59,13,4445,80,32557.0,1
2,7,4,41,63,4618,30,19510.0,1
1,7,4,50,83,4753,43,30992.0,1
0,2,27,43,69,4794,1135,101970.0,2
2,1,14,61,87,4816,559,71488.0,2
1,1,15,42,37,4754,1923,79607.0,2
2,6,6,73,51,4341,90,54348.0,1
3,6,14,65,23,4673,404,51381.5,0
4,4,19,70,72,4370,661,77376.0,2
5,5,14,74,10,4592,463,62998.0,0
5,8,18,68,42,4796,632,61331.0,0
1,4,18,57,10,4459,725,73448.0,2
1,4,18,63,96,4642,725,51381.5,2
5,8,11,62,51,4639,279,41551.0,0
1,3,22,59,21,4789,1482,62981.0,2
2,8,4,50,31,5010,29,9548.0,1
3,8,6,67,61,4677,106,33762.0,1
2,5,4,53,37,4361,49,35860.0,1
2,7,5,61,74,4656,38,36921.0,1
1,2,21,34,46,4938,2077,92859.0,2
2,7,15,50,4,4547,1053,65104.0,2
1,2,22,64,73,4756,1385,86111.0,2
3,6,22,52,47,4625,871,68352.0,2
3,7,9,38,13,4787,312,41883.0,1
3,8,12,50,36,4939,877,59809.0,0
1,6,5,51,47,4929,68,23957.0,1
1,8,3,45,49,4625,22,38547.0,1
7,8,9,53,94,4996,211,35688.0,0
1,3,7,60,65,4328,127,49605.0,1
1,3,15,73,59,4386,459,59354.0,2
4,6,15,57,96,4434,460,65747.0,0
4,7,13,54,28,4882,429,46344.0,0
4,6,7,38,12,4368,89,34176.0,1
2,5,24,74,57,4948,1021,61010.0,2
1,4,20,77,10,4815,1381,69372.0,2
3,7,12,68,4,4676,306,49967.0,0
1,4,3,48,49,4610,18,60199.0,1
1,2,8,49,3,4575,162,55375.0,1
1,1,17,71,64,4633,1231,80317.0,2
1,7,3,68,0,4683,13,30523.0,1
2,6,25,81,20,4921,1706,70356.0,2
4,8,7,42,91,4495,121,23228.0,1
1,2,19,51,9,4744,1293,74165.0,2
15,0,22,53,98,4440,1608,157243.0,0
3,6,6,60,83,4548,88,43482.0,1
1,3,17,73,27,4543,421,62551.0,2
1,4,11,67,63,4625,259,52332.0,1
1,1,14,38,46,4559,1117,66951.0,2
3,5,6,69,84,4444,89,26091.0,1
2,7,4,61,58,4389,36,33456.0,1
2,8,5,44,78,4671,57,28718.0,1
1,6,7,56,4,4389,148,50447.0,1
2,5,6,67,17,4470,93,53537.0,1
1,4,6,59,77,4406,119,52074.0,1
1,5,27,51,56,4975,1835,80427.0,2
1,4,24,78,79,4880,1318,83837.0,2
2,7,5,56,90,4357,45,38853.0,1
1,2,3,67,96,4325,10,38285.0,1
1,2,24,75,44,4530,978,78497.0,2
1,5,9,50,81,4369,191,51650.0,1
3,6,6,38,77,4370,57,16248.0,1
1,2,23,80,21,4594,1033,66835.0,2
1,6,5,42,16,4478,66,30477.0,1
1,6,5,65,80,4334,43,28249.0,1
1,9,4,43,45,4891,50,25271.0,1
2,5,5,56,63,4433,39,32303.0,1
2,5,16,60,34,4651,608,61286.0,2
1,2,23,50,14,4787,1581,74068.0,2
2,7,5,62,13,4811,68,45759.0,1
1,6,4,48,52,4978,80,24882.0,1
1,3,27,37,98,4728,1282,66973.0,2
2,8,6,38,93,4715,91,38872.0,1
4,6,12,53,38,4816,315,51148.0,0
2,8,4,49,24,4502,31,31353.0,1
1,3,22,46,80,4367,834,69661.0,2
1,2,16,72,82,4603,1600,80067.0,2
1,2,16,72,20,4848,1270,86718.0,2
6,8,9,53,81,4410,263,46854.0,0
3,5,16,74,50,4320,535,69142.0,2
1,1,17,58,60,4522,1295,75922.0,2
3,6,26,48,63,4578,1150,63693.0,2
0,4,26,49,54,4924,1240,102160.0,2
2,7,4,61,72,4667,38,40637.0,1
1,6,3,42,5,4916,35,18890.0,1
1,9,4,38,88,4523,53,29604.0,1
6,6,11,63,50,4732,293,48721.0,0
1,6,5,60,99,4341,65,44794.0,1
5,8,24,72,17,4977,1804,64497.0,0
5,4,10,70,11,4775,241,46097.0,0
1,1,19,72,18,4423,1101,77972.0,2
8,8,11,58,70,4952,264,44377.0,0
10,7,16,52,21,4844,541,46014.0,0
1,1,16,41,66,4741,1198,70951.0,2
6,8,14,49,79,4409,482,41443.0,0
1,8,3,48,2,4368,17,52195.0,1
1,3,24,78,81,4546,1615,83790.0,2
2,7,10,72,24,4622,285,44551.0,1
2,6,26,46,48,4912,1135,69508.0,2
1,3,6,38,93,4399,114,45204.0,1
1,1,15,57,56,4547,1047,72460.0,2
2,3,20,56,3,4396,714,77622.0,2
4,8,9,46,44,4860,185,30732.0,1
5,6,27,64,38,4979,1245,63887.0,0
4,8,8,48,46,4780,189,42011.0,1
2,8,14,50,84,4932,576,51369.0,0
3,8,15,74,27,4887,1103,51537.0,0
1,2,16,54,72,5010,1753,79930.0,2
1,8,3,40,66,4453,17,34320.0,1
9,7,14,60,30,4786,433,37070.0,0
1,7,13,64,2,4860,1588,81975.0,2
1,8,3,55,65,4730,22,38590.0,1
1,3,4,75,37,4394,19,15033.0,1
3,5,26,61,89,4783,1117,62745.0,2
2,6,6,51,49,4522,69,22212.0,1
1,7,4,44,46,4527,23,23661.0,1
1,3,18,68,32,4588,605,79761.0,2
4,7,7,53,54,4505,57,7500.0,1
1,3,21,58,98,4564,2088,73455.0,2
2,3,14,68,97,4873,1009,64961.0,2
1,9,4,55,75,4653,26,22804.0,1
1,2,21,36,8,4533,1627,73687.0,2
7,7,24,68,37,5001,1102,61074.0,0
2,6,4,62,31,4344,17,31686.0,1
2,6,14,54,40,4725,1690,80134.0,2
2,5,19,73,74,4856,1390,75027.0,2
1,3,19,38,90,4987,2126,67546.0,2
4,6,21,57,57,4928,1531,65176.0,0
2,8,5,51,59,4606,64,31160.0,1
2,6,4,41,52,4565,26,29938.0,1
1,2,28,52,5,4770,1112,102692.0,2
2,6,9,68,92,4965,210,26490.0,1
5,8,21,59,77,4989,1148,75702.0,0
2,6,4,52,35,4944,33,30899.0,1
3,6,16,65,48,4941,1101,63342.0,0
4,3,12,62,97,4935,322,45989.0,0
4,5,6,62,95,4710,44,18701.0,1
1,8,3,69,24,4523,17,40737.0,1
2,7,4,47,60,4947,31,15287.0,1
3,5,22,58,46,4723,845,69674.0,2
4,5,11,56,85,4332,275,44159.0,1
1,9,3,48,31,4903,25,37717.0,1
6,8,11,74,9,4831,275,43776.0,0
4,7,7,60,30,4792,90,38179.0,1
1,1,18,63,47,4323,1495,80124.0,2
4,7,7,56,70,4942,184,38097.0,0
1,1,12,56,13,4695,981,72940.0,2
2,6,6,56,11,4588,67,22070.0,1
2,7,12,73,31,4965,1635,69267.0,0
3,5,7,43,15,4421,60,31788.0,1
2,5,10,51,2,4465,231,61905.0,1
4,6,6,66,55,4404,48,29315.0,1
3,7,6,63,38,4828,99,33378.0,1
2,4,21,63,86,4606,770,66313.0,2
2,5,21,70,56,4848,957,60714.0,2
1,1,11,45,29,4380,818,77882.0,2
1,1,16,40,30,4773,925,69867.0,2
1,6,21,58,64,4754,908,63841.0,2
3,7,7,45,46,4823,102,24480.0,1
2,8,14,50,84,4932,576,51369.0,0
2,7,11,80,20,4987,317,37760.0,0
1,2,14,52,74,4440,461,65640.0,2
2,5,5,51,18,4393,37,44319.0,1
1,7,6,52,75,4672,70,30631.0,1
1,3,22,74,17,4836,930,75278.0,2
13,5,20,70,88,4857,859,50898.0,0
1,3,21,60,19,4368,1478,79946.0,2
3,8,13,77,62,4701,390,35416.0,0
1,7,4,42,11,4680,52,32414.0,1
3,7,7,57,74,4504,137,38361.0,1
1,4,18,46,32,4926,1919,82497.0,2
3,9,6,55,76,4485,68,16626.0,1
1,6,3,61,6,4794,25,29672.0,1
3,8,20,74,62,4995,1374,55951.0,0
1,7,4,38,20,4799,32,35388.0,1
1,8,6,40,43,4852,100,42386.0,1
1,1,11,44,45,4853,825,68627.0,2
5,5,23,61,34,4424,916,57912.0,0
4,5,7,68,53,4394,62,35246.0,1
1,6,20,70,44,4580,728,58821.0,2
1,4,6,48,89,4440,90,46377.0,1
3,8,10,38,43,4397,273,39747.0,1
3,7,7,42,68,4504,66,23976.0,1
1,2,22,65,44,4778,1213,80950.0,2
1,9,6,60,64,4969,107,27038.0,1
1,1,17,79,85,4436,1157,77457.0,2
1,7,17,62,93,4612,546,64100.0,2
1,4,10,34,12,4748,241,42670.0,1
4,6,7,50,86,4482,53,12571.0,1
2,7,5,59,28,4564,37,22574.0,1
1,3,23,37,69,4711,1611,51381.5,2
1,3,22,50,42,4828,1508,70893.0,2
6,4,10,60,13,4514,235,54198.0,0
2,5,5,70,86,4430,32,28839.0,1
2,7,6,54,59,4655,102,40321.0,1
2,3,13,41,30,5004,401,66503.0,2
2,5,4,75,33,4668,28,30833.0,1
6,7,15,56,67,4630,1052,51381.5,0
3,2,18,55,23,4848,680,64795.0,2
1,7,3,52,81,4683,30,34421.0,1
1,7,3,61,6,4460,20,47025.0,1
5,7,18,65,41,4827,1307,64325.0,0
6,8,18,73,78,4854,630,40464.0,0
1,3,17,69,49,4679,1283,62187.0,2
3,8,6,50,39,4682,65,14849.0,1
1,7,4,42,3,4554,37,27255.0,1
1,4,4,76,37,4736,38,54432.0,1
4,8,8,40,22,4821,160,29999.0,1
1,8,3,43,79,4759,23,24072.0,1
1,4,5,37,46,4611,71,33996.0,1
2,5,17,70,82,4772,1161,66334.0,2
1,7,4,55,10,4855,59,35178.0,1
2,8,5,43,51,4684,33,22010.0,1
1,3,21,66,38,4975,946,62204.0,2
1,4,21,58,10,4890,1442,75693.0,2
1,8,4,54,14,4914,62,30675.0,1
1,3,21,61,18,4803,1674,83003.0,2
1,3,20,38,95,5008,1538,68655.0,2
1,6,7,40,11,4524,139,41411.0,1
3,8,17,57,65,4903,1182,55212.0,0
2,3,16,76,71,4701,507,59292.0,2
1,8,3,53,13,4638,18,27190.0,1
1,1,15,74,58,4551,940,82623.0,2
2,6,4,61,65,4691,42,44300.0,1
1,1,14,56,0,4333,1190,84835.0,2
3,7,5,55,33,4871,44,30372.0,1
1,6,3,50,90,4497,16,33181.0,1
4,4,22,69,95,4514,835,71113.0,2
2,4,20,40,93,4855,1443,71952.0,2
3,3,15,60,38,4564,1029,69759.0,2
1,1,17,52,18,4930,1188,72099.0,2
5,6,19,50,57,4874,1277,60000.0,0
2,7,5,48,45,4532,49,38643.0,1
1,6,6,71,61,4734,99,50737.0,1
1,1,14,57,6,4884,1670,68462.0,2
1,2,13,83,65,4633,900,65073.0,2
2,5,14,78,52,4584,425,46681.0,1
1,2,21,69,87,4959,2153,78618.0,2
3,4,18,57,38,4419,636,62187.0,2
3,4,7,48,53,4445,57,28442.0,1
1,9,3,48,31,4903,25,37717.0,1
7,7,15,59,67,4868,494,51479.0,0
2,4,17,57,65,4997,693,54803.0,0
1,2,25,66,64,4728,1348,79530.0,2
2,7,5,50,82,4790,51,31615.0,1
1,3,15,64,27,4909,1932,72025.0,2
2,8,14,51,63,4895,990,52614.0,0
1,6,4,42,66,4388,30,35684.0,1
6,8,10,51,69,4929,254,48178.0,0
1,4,4,56,52,4624,29,29548.0,1
4,8,19,60,45,4915,1371,63810.0,0
3,8,6,54,2,4692,73,38578.0,1
4,8,7,51,86,5000,120,46098.0,0
1,9,4,56,23,4788,81,22585.0,1
1,8,4,37,13,4866,37,30279.0,1
2,6,18,65,14,4590,1377,66426.0,2
1,7,4,57,92,4700,51,30822.0,1
1,8,3,57,38,4857,17,33581.0,1
1,7,3,41,74,4547,22,19986.0,1
3,7,11,72,14,4884,324,27421.0,0
7,8,9,53,94,4996,211,35688.0,0
1,3,3,45,33,4411,19,36143.0,1
3,5,5,55,32,4730,41,10245.0,1
3,7,14,58,11,4576,492,43795.0,1
4,2,22,66,78,4952,1005,63381.0,2
1,6,6,77,56,4988,114,38823.0,1
3,5,16,58,57,4737,1173,83664.0,2
0,1,19,47,7,4497,1738,90300.0,2
2,4,10,47,0,4522,222,62499.0,1
1,2,15,33,66,4376,1127,74293.0,2
1,6,9,80,86,4757,209,51012.0,1
3,3,20,58,80,4444,787,70777.0,2
1,2,23,35,56,4586,1598,68682.0,2
4,8,8,55,18,4972,186,43824.0,0
2,8,4,42,51,4987,47,15345.0,1
1,7,4,39,71,4872,27,23442.0,1
4,7,7,46,71,4917,96,14515.0,1
4,6,6,70,80,4783,64,31395.0,1
1,5,22,61,2,4960,1040,75276.0,2
5,5,8,52,83,4638,163,42373.0,1
1,7,10,66,29,4795,343,30507.0,1
9,7,15,71,11,4570,446,55521.0,0
1,6,4,61,55,4340,41,48006.0,1
3,8,6,54,19,4988,70,27213.0,1
3,6,11,55,1,4350,272,65808.0,1
1,9,5,52,19,4708,46,30351.0,1
3,7,16,63,28,4940,490,50437.0,0
2,8,6,44,76,4909,79,23616.0,1
4,4,13,50,50,4917,915,53858.0,0
3,6,32,71,1,4776,1485,66465.0,2
3,7,13,39,90,4996,369,46923.0,0
2,3,17,64,83,4842,1073,75072.0,2
1,1,18,83,73,4410,1242,75865.0,2
3,5,6,51,24,4541,78,19789.0,1
1,5,20,32,11,4455,1378,80134.0,2
1,3,25,45,33,4812,1474,91065.0,2
9,8,20,55,4,4801,751,49505.0,0
2,7,5,53,14,4374,48,37401.0,1
1,6,5,43,30,4358,45,30096.0,1
1,8,3,44,75,4344,10,18492.0,1
1,1,15,52,26,4710,1435,82584.0,2
0,2,22,85,77,4762,2119,93027.0,2
1,8,3,73,8,4527,20,48686.0,1
1,1,26,40,42,4386,1795,92910.0,2
2,6,17,37,28,4405,1188,75433.0,2
2,5,5,37,52,4376,43,10404.0,1
2,3,22,58,1,4750,1008,61314.0,2
1,4,15,65,1,4736,1688,84865.0,2
5,8,16,37,42,4928,684,42387.0,0
15,7,24,59,76,4842,1082,67309.0,0
1,4,24,62,27,4536,1068,75236.0,2
2,5,5,56,28,4467,57,30015.0,1
1,5,4,70,49,4693,46,50943.0,1
3,5,20,60,12,4510,733,67272.0,2
2,8,15,77,14,4615,467,51529.0,0
3,7,7,55,89,4631,122,32011.0,1
2,8,5,40,96,4827,36,7500.0,1
1,8,4,37,56,4680,34,28691.0,1
2,4,8,78,72,4511,156,56223.0,1
1,5,3,80,14,4647,14,18100.0,1
1,8,4,37,13,4866,37,30279.0,1
1,8,4,52,99,4424,34,20130.0,1
1,8,3,67,72,4671,20,23295.0,1
2,8,9,54,92,4583,192,42618.0,1
1,1,16,62,87,4502,1379,81246.0,2
2,8,5,50,7,4705,48,24027.0,1
2,3,14,73,91,4509,428,55707.0,2
5,3,22,71,71,4743,868,57959.0,0
3,7,24,57,24,4818,1001,56796.0,0
1,5,6,55,17,4575,59,36230.0,1
2,3,14,46,87,4530,431,70829.0,2
3,7,24,50,21,4980,971,65991.0,0
7,8,12,54,90,4998,348,38988.0,0
1,4,23,60,44,4972,2059,89572.0,2
4,6,10,42,71,4774,265,42207.0,1
2,2,11,74,52,4355,270,50300.0,1
1,3,18,44,78,4962,1289,66664.0,2
4,7,12,62,2,4499,893,60597.0,0
1,1,21,77,60,4600,926,70165.0,2
2,6,7,68,25,4472,135,50520.0,1
1,1,18,63,47,4323,1495,80124.0,2
2,7,7,51,46,4445,120,33183.0,1
1,1,19,57,83,4438,1288,66582.0,2
1,2,16,71,17,4752,1743,75261.0,2
1,8,3,56,13,4926,15,31880.0,1
3,6,17,75,86,4435,542,53790.0,0
3,7,22,55,92,5003,890,49269.0,0
4,4,29,51,47,4779,1388,61456.0,2
1,8,3,46,18,4582,17,37406.0,1
7,6,23,45,81,5014,906,56937.0,0
2,7,4,48,91,4863,44,38415.0,1
1,5,4,38,58,4362,25,20518.0,1
4,5,22,70,40,4816,973,62503.0,0
2,3,4,54,67,4371,31,41644.0,1
1,5,16,49,19,4357,518,55842.0,2
4,5,15,54,93,4934,530,62010.0,0
7,8,14,49,41,4926,506,41124.0,0
1,7,5,53,60,4501,70,38961.0,1
1,6,5,54,54,4642,54,37760.0,1
2,9,10,52,26,4999,296,32233.0,1
4,5,11,51,30,4562,266,43057.0,1
1,3,18,66,93,4947,747,83151.0,2
1,3,28,62,35,4973,895,78825.0,2
2,7,15,50,4,4547,1053,65104.0,2
2,6,19,52,92,4688,735,60093.0,2
1,7,4,57,24,4474,20,14045.0,1
1,8,9,74,96,4929,205,28457.0,1
2,6,19,68,11,4963,2092,78952.0,2
2,8,12,50,99,4893,309,46310.0,1
1,6,21,71,72,4812,1722,76005.0,2
4,8,11,62,77,4853,900,58308.0,0
1,7,19,82,85,4534,682,55614.0,2
3,5,19,64,88,4762,663,59432.0,0
1,3,5,48,22,4405,43,55563.0,1
1,6,17,55,83,4754,1816,78642.0,2
3,3,24,77,63,4358,976,67911.0,2
1,2,20,82,9,4772,746,65275.0,2
2,8,4,76,92,5012,64,27203.0,1
1,5,4,65,2,4546,32,48330.0,1
1,8,8,36,6,4867,263,24279.0,1
2,8,19,41,66,4994,1445,64355.0,0
1,5,4,70,49,4693,46,50943.0,1
2,6,26,73,29,4919,1210,53653.0,0
1,3,23,50,77,4529,945,65665.0,2
1,1,21,37,77,4665,1157,81217.0,2
1,7,7,34,71,4693,137,34935.0,1
6,5,19,67,49,4880,730,61250.0,0
3,7,9,45,97,4720,216,39665.0,1
1,3,22,47,6,4778,943,60152.0,2
3,7,13,62,93,4572,347,48920.0,1
1,1,18,67,78,4424,1924,89120.0,2
4,8,13,80,62,4734,397,44124.0,0
1,2,21,51,47,4761,2089,81169.0,2
4,8,7,65,9,4831,138,36443.0,1
1,7,4,36,77,4684,42,26095.0,1
1,2,16,67,24,4630,777,71367.0,2
1,3,19,82,19,4440,1902,80184.0,2
2,7,5,61,67,4473,52,30630.0,1
1,5,12,39,95,4440,1651,73454.0,2
1,5,12,35,48,4637,358,42691.0,1
1,6,15,73,73,4957,1727,70503.0,2
3,6,7,39,35,4979,210,25545.0,1
1,8,4,40,76,4892,42,32880.0,1
1,2,19,68,20,4534,1291,77863.0,2
1,3,14,49,72,4341,442,50353.0,2
1,8,16,62,20,5006,1895,61839.0,2
6,6,13,66,69,4558,411,49154.0,0
4,5,15,51,80,4819,521,47682.0,0
1,1,16,57,65,4604,1168,72679.0,2
7,7,16,49,52,4331,493,57954.0,0
2,4,10,64,65,4751,260,65316.0,1
2,6,5,44,57,4697,46,28567.0,1
4,7,12,75,70,4764,319,47352.0,0
1,5,6,59,0,4482,96,44931.0,1
1,4,15,59,19,4454,1062,76982.0,2
2,2,10,74,50,4645,232,57247.0,2
3,7,6,45,67,4508,76,22944.0,1
3,8,6,49,46,4554,54,25315.0,1
2,7,9,57,37,5012,201,43638.0,1
2,6,12,42,38,4898,406,42710.0,1
1,3,19,44,9,4646,1919,84169.0,2
2,3,18,50,56,4710,662,54058.0,2
2,5,6,36,98,4433,41,24683.0,1
1,1,13,62,68,4493,1600,85620.0,2
1,6,7,46,72,4528,134,47850.0,1
4,8,6,58,47,4474,69,19514.0,1
2,6,4,53,33,4412,21,27159.0,1
2,3,5,63,87,4410,54,39548.0,1
2,7,6,37,0,4402,91,21474.0,1
2,6,16,55,73,4462,526,60504.0,2
1,8,7,63,74,4757,162,22419.0,1
1,1,24,77,4,4555,1008,81698.0,2
6,8,10,74,50,4975,240,43462.0,0
2,5,19,48,57,4805,795,54880.0,2
1,2,18,44,30,4770,1772,79908.0,2
2,5,6,56,27,4650,64,15315.0,1
1,6,19,67,61,4723,1957,87771.0,2
1,5,6,48,4,4613,78,33039.0,1
0,2,19,46,75,4698,1572,81741.0,2
2,4,24,55,12,4689,795,71499.0,2
5,4,21,56,13,4485,889,62466.0,0
3,3,12,63,9,4556,331,48799.0,1
2,4,10,76,48,4342,265,52157.0,1
4,8,15,64,80,4891,1065,66565.0,0
1,5,3,75,60,4615,11,29298.0,1
1,6,3,47,43,4679,21,47691.0,1
1,7,3,56,19,4889,17,38200.0,1
5,6,11,52,26,4975,369,44989.0,0
2,7,4,58,58,4473,38,38443.0,1
3,8,8,48,42,4609,177,38593.0,1
1,5,11,56,27,4652,279,64413.0,1
2,8,5,45,56,4590,62,36959.0,1
3,5,18,49,27,4834,1230,61996.0,2
3,7,8,58,10,4409,182,51287.0,1
4,8,6,56,48,4630,49,13260.0,1
2,5,6,60,39,4606,75,47472.0,1
6,7,10,70,85,4675,227,54603.0,0
5,6,10,52,64,4916,215,45207.0,0
7,8,13,75,69,4788,444,40689.0,0
1,8,4,59,54,4572,47,47821.0,1
1,7,6,75,57,4760,143,27450.0,1
2,6,5,43,64,4407,55,39453.0,1
4,4,7,55,10,4392,63,26850.0,1
1,3,21,71,65,4964,1867,79800.0,2
2,2,18,65,74,4608,611,61794.0,2
3,7,15,71,4,4363,473,53863.0,0
1,4,5,67,94,4633,55,24221.0,1
2,7,5,42,41,4945,81,39684.0,1
0,2,21,51,25,4884,2086,92163.0,2
1,1,19,61,94,4551,1478,69882.0,2
1,4,4,49,9,4470,49,33178.0,1
1,1,14,54,47,4611,382,59973.0,2
3,7,6,51,12,4603,69,17459.0,1
1,7,5,57,80,4931,67,23910.0,1
2,8,4,57,20,4573,30,42169.0,1
3,6,6,48,39,4710,63,26224.0,1
3,8,7,45,57,5001,79,31089.0,1
1,7,4,65,27,4813,42,30081.0,1
3,5,20,66,83,4987,819,62807.0,0
1,1,16,71,79,4605,1151,72906.0,2
3,5,17,78,69,4887,594,61467.0,0
4,7,7,60,77,4839,129,49618.0,0
4,10,8,40,15,4867,213,21888.0,1
2,5,5,53,99,4458,67,42429.0,1
1,7,4,70,61,4795,28,26150.0,1
2,7,4,51,23,4931,45,30801.0,1
1,3,17,61,84,4373,1193,81168.0,2
2,6,10,57,74,4634,268,26877.0,1
1,3,11,82,90,4666,266,45006.0,1
1,8,4,53,41,4885,37,18978.0,1
2,7,5,59,28,4564,37,22574.0,1
3,5,22,57,73,4917,882,48240.0,0
5,7,13,52,88,4658,373,45837.0,0
2,8,4,61,94,4739,35,35791.0,1
0,1,1,50,31,4711,107,162397.0,2
1,4,4,48,31,4788,42,54162.0,1
5,2,12,66,6,5001,326,30522.0,0
3,6,14,65,23,4673,404,54456.0,0
1,7,5,55,92,4670,95,31632.0,1
1,1,13,77,52,4431,939,72298.0,2
1,7,4,48,50,4503,33,36975.0,1
1,3,20,71,54,4711,981,72635.0,2
2,6,5,50,93,4845,36,13624.0,1
1,3,19,51,56,4711,1237,84196.0,2
7,7,27,66,28,4966,1825,70971.0,0
3,9,6,49,94,4981,103,34487.0,1
3,9,9,49,76,4878,191,28769.0,1
2,8,23,56,43,4542,1586,69084.0,2
1,1,13,68,46,4336,963,65488.0,2
5,4,21,56,13,4485,889,62466.0,0
1,7,6,66,27,4454,93,32218.0,1
1,3,20,53,12,4757,1587,83917.0,2
1,7,3,64,3,4431,16,46102.0,1
1,5,31,74,72,4710,1375,84574.0,2
1,4,13,64,6,4857,393,56181.0,2
5,7,21,76,53,4959,1477,63120.0,0
2,2,16,55,58,4555,1179,73691.0,2
4,2,22,66,78,4952,1005,63381.0,2
1,2,20,78,57,4367,1348,76140.0,2
4,6,19,67,37,4866,1307,62859.0,0
2,5,13,62,20,4738,486,45906.0,1
1,2,12,79,73,4796,2252,77632.0,2
7,6,10,55,56,4635,235,46463.0,0
0,3,30,56,36,4844,1724,105471.0,2
1,4,10,56,9,4518,235,55282.0,1
3,4,25,49,42,4357,1092,78710.0,2
2,5,15,68,28,4606,599,66886.0,2
0,1,19,66,23,4452,2008,98777.0,2
2,9,4,41,38,4991,48,29103.0,1
5,6,27,52,63,5006,1174,67445.0,0
1,2,6,76,71,4397,67,50616.0,1
2,8,13,71,9,5015,365,49431.0,0
0,0,0,51,81,4462,6,153924.0,2
2,6,8,73,87,4496,165,61278.0,1
2,6,9,68,92,4965,210,26490.0,1
1,4,25,79,36,4622,1095,73059.0,2
4,6,8,60,86,4571,223,46734.0,1
4,6,18,63,83,4889,597,56253.0,0
1,7,3,41,74,4547,22,19986.0,1
1,4,23,51,87,4506,1064,58330.0,2
1,8,5,46,29,4980,74,25965.0,1
1,6,4,70,88,4864,26,14661.0,1
1,8,4,67,77,4868,60,18690.0,1
1,7,3,52,25,4729,20,45068.0,1
2,6,5,39,34,4597,59,21063.0,1
1,8,4,58,43,4736,34,29187.0,1
3,3,9,55,76,4554,198,54690.0,1
3,5,25,62,81,4655,1048,59304.0,2
5,6,16,64,87,4553,574,59247.0,0
4,3,13,56,33,4975,1029,66731.0,0
2,4,18,46,38,4515,670,77353.0,2
2,8,14,51,63,4895,990,52614.0,0
1,8,3,52,26,4358,11,26751.0,1
3,5,18,63,17,4927,1241,81300.0,2
1,1,16,47,75,4498,576,70337.0,2
4,9,8,41,13,4698,172,36145.0,1
1,2,19,46,19,4508,664,65295.0,2
2,6,21,63,51,4574,928,68118.0,2
1,7,29,59,81,4988,2074,68743.0,2
1,8,14,44,32,4659,467,41039.0,1
2,5,10,71,84,4568,257,38946.0,1
1,1,16,59,87,4512,1146,65777.0,2
2,4,18,50,99,4799,689,66476.0,2
1,2,21,54,96,4975,2114,86857.0,2
15,0,29,44,21,5014,1717,160803.0,0
1,1,20,37,40,4364,1346,77845.0,2
1,2,14,57,3,4592,1044,69476.0,2
6,6,16,66,98,4953,493,50611.0,0
1,2,12,56,73,4628,957,61209.0,2
3,3,9,68,90,4672,270,42315.0,1
1,6,4,74,29,4559,29,13084.0,1
3,7,6,77,3,4716,121,47570.0,1
1,3,7,65,94,4658,126,61923.0,1
1,6,3,31,65,4415,23,34824.0,1
3,8,5,77,33,4767,57,26518.0,1
2,6,18,65,46,4558,636,45938.0,0
1,4,27,66,29,4401,1004,78468.0,2
3,4,17,53,99,4605,734,78901.0,2
2,4,18,48,26,4429,614,71427.0,2
3,8,18,48,30,4458,1453,71022.0,2
1,1,14,38,27,4381,1621,90247.0,2
3,7,9,58,24,4505,187,41335.0,1
2,4,20,40,93,4855,1443,71952.0,2
1,2,5,56,34,4322,57,35682.0,1
2,8,18,75,88,4765,637,43185.0,0
3,7,11,78,96,4540,948,66375.0,0
1,7,4,55,10,4855,59,35178.0,1
1,8,3,40,26,4672,18,25252.0,1
4,5,22,61,49,4936,903,55250.0,0
2,6,6,51,11,4814,112,33249.0,1
3,4,17,73,44,4731,596,58398.0,0
3,7,10,44,75,4646,233,50272.0,1
1,1,10,51,64,4889,1511,76618.0,2
1,2,16,66,19,4964,1152,87305.0,2
2,7,5,48,45,4823,48,25851.0,1
6,6,25,56,77,4775,1185,58710.0,0
1,7,3,68,9,4412,21,45160.0,1
2,4,14,61,1,4877,965,74806.0,2
1,7,20,72,90,4743,869,59111.0,2
2,7,4,42,43,4357,16,18988.0,1
1,3,15,61,79,4821,1947,72190.0,2
5,9,7,50,19,5017,71,7500.0,1
1,6,5,60,99,4341,65,44794.0,1
1,2,23,71,62,4538,1380,80395.0,2
1,1,22,50,41,4475,1027,75012.0,2
7,7,14,61,60,4581,411,56962.0,0
1,4,25,35,17,4760,836,89891.0,2
1,5,3,77,24,4595,11,35946.0,1
8,8,15,73,60,5011,480,53593.0,0
7,3,16,48,57,4702,606,66373.0,0
5,8,11,78,74,4576,284,45072.0,0
3,5,11,53,22,4583,1472,89694.0,2
1,2,25,77,46,4381,1677,72025.0,2
2,4,17,53,69,4777,1335,67432.0,2
1,2,12,74,29,4346,334,70545.0,2
1,7,3,37,37,4788,18,17487.0,1
2,4,18,57,26,5009,1338,62882.0,2
4,5,26,73,8,4783,1099,64108.0,0
2,8,6,70,26,4800,97,34941.0,1
3,5,6,76,79,4499,63,48767.0,1
2,6,7,48,71,4652,109,38702.0,1
1,3,20,62,83,4475,902,82224.0,2
1,1,19,74,57,4733,1574,83844.0,2
3,5,6,51,37,4522,38,17003.0,1
1,1,23,31,30,4432,960,71163.0,2
1,7,3,56,34,4607,28,33697.0,1
1,6,27,72,0,4471,1215,63564.0,2
1,2,21,54,89,4500,1497,83443.0,2
2,3,15,68,92,4589,449,51518.0,2
1,4,23,51,87,4506,1064,58330.0,2
1,8,24,57,20,4806,1757,80952.0,2
1,3,20,47,56,4378,1440,75507.0,2
1,4,23,48,28,4825,1006,63855.0,2
5,6,18,54,55,5007,1226,62220.0,0
5,8,15,62,25,4603,1171,58512.0,0
2,4,6,47,0,4791,92,40662.0,1
1,5,7,67,86,4404,99,38829.0,1
2,7,6,45,8,4589,66,35523.0,1
2,6,17,59,33,4386,564,79146.0,2
1,3,20,38,13,4564,1427,78285.0,2
1,7,5,48,12,4735,86,31626.0,1
1,1,18,74,92,4358,833,75127.0,2
3,6,9,71,90,4748,242,48726.0,1
1,2,16,49,8,4976,1869,74985.0,2
1,6,28,39,6,4982,1364,67430.0,2
1,4,7,61,91,4621,183,46891.0,1
4,6,14,70,52,4719,450,62058.0,0
2,2,19,47,3,4681,758,72063.0,2
1,3,19,75,57,4519,1507,78939.0,2
8,8,17,61,9,4751,654,42720.0,0
3,7,6,54,22,4762,81,33622.0,1
0,20,1,69,76,4888,137,6835.0,1
1,7,3,73,86,4800,16,41452.0,1
2,6,6,61,64,4623,93,40760.0,1
1,1,17,68,90,4474,1158,74250.0,2
2,3,4,71,79,4513,43,51124.0,1
2,2,20,55,28,4610,1525,72258.0,2
1,1,18,52,86,4405,1230,71466.0,2
2,4,4,50,42,4396,29,36283.0,1
1,7,4,56,39,4369,25,20587.0,1
1,7,3,54,8,4422,24,30467.0,1
1,8,4,54,40,4696,38,31590.0,1
2,7,5,40,5,4928,57,20425.0,1
5,7,7,66,96,4454,47,17144.0,1
6,7,18,58,28,4863,813,42564.0,0
6,7,16,48,22,4351,629,43783.0,0
4,9,13,50,30,4979,377,40780.0,0
1,2,13,81,45,4850,1612,62847.0,2
1,2,16,69,58,4919,729,82017.0,2
1,7,5,76,49,4665,50,16813.0,1
4,4,11,48,37,4563,270,51267.0,1
2,3,7,65,70,4770,177,46524.0,1
1,7,12,64,33,4845,315,45183.0,1
3,6,20,72,98,4321,767,70421.0,2
3,8,23,61,17,4934,1071,60161.0,0
1,3,23,53,54,4804,1580,73926.0,2
3,8,7,58,39,4517,60,19329.0,1
4,4,17,56,81,4518,573,61872.0,2
1,5,4,70,71,4780,41,46984.0,1
3,6,7,75,62,4846,170,34838.0,1
1,2,27,82,8,4556,1167,82716.0,2
3,8,22,68,76,4769,1526,48192.0,0
6,7,15,50,66,4557,458,49681.0,0
1,2,5,55,83,4418,63,56850.0,1
4,3,13,69,28,4571,405,55267.0,0
7,8,13,54,87,4784,1027,59666.0,0
2,2,20,54,43,4769,1478,72504.0,2
1,6,4,45,0,4576,72,26872.0,1
2,8,5,54,1,4755,48,21359.0,1
1,2,15,51,1,4349,726,73170.0,2
6,4,21,71,72,4830,860,52750.0,0
0,1,22,40,72,4538,1497,91820.0,2
2,3,16,56,12,4368,495,65968.0,2
1,6,3,50,89,4429,20,30772.0,1
3,9,16,72,67,4902,570,22507.0,0
1,5,20,54,54,4412,769,65685.0,2
2,8,5,48,34,4621,55,25804.0,1
1,3,17,46,15,4740,1808,76412.0,2
2,7,5,54,43,4645,55,22063.0,1
1,5,17,65,0,4334,577,57091.0,2
1,8,7,63,74,4757,162,22419.0,1
1,6,19,67,61,4723,1957,87771.0,2
1,8,23,67,51,4759,1576,78353.0,2
3,5,14,72,97,4738,1616,93404.0,2
2,8,4,64,75,4853,36,37859.0,1
1,4,21,68,83,4734,1482,80995.0,2
1,6,4,42,23,4440,22,16529.0,1
1,5,5,50,65,4539,63,55412.0,1
1,6,17,34,94,4977,680,48789.0,1
3,5,17,59,42,4740,542,56575.0,0
2,7,5,46,10,4590,50,25130.0,1
2,8,4,59,94,4820,39,35441.0,1
5,3,23,70,50,4777,1043,71391.0,0
2,7,12,54,46,4750,385,49494.0,1
1,3,26,46,98,4964,1633,81702.0,2
1,6,4,46,42,4682,46,45889.0,1
2,5,18,49,30,4420,761,56628.0,2
3,5,6,76,11,4648,76,34026.0,1
3,5,11,52,61,4897,290,40049.0,1
4,6,7,38,12,4368,89,34176.0,1
4,9,7,45,76,4916,70,19419.0,1
1,1,16,66,2,4657,1066,82504.0,2
1,2,18,56,43,4487,2009,81205.0,2
2,3,17,35,27,4958,1345,61618.0,2
3,5,20,70,60,4872,764,55284.0,0
2,5,9,63,79,4569,195,49980.0,1
4,5,7,46,96,4735,53,15072.0,1
2,6,11,52,17,4701,368,49166.0,1
3,4,17,72,0,4489,544,65324.0,2
1,3,24,69,38,4920,1853,82347.0,2
2,5,4,60,43,4354,35,30843.0,1
3,8,15,52,1,4424,446,46374.0,1
7,7,24,47,25,4774,1180,60474.0,0
1,7,4,53,2,4437,41,38576.0,1
3,5,19,41,66,4815,727,55357.0,0
2,8,4,60,49,4953,40,37758.0,1
1,2,25,37,5,4740,1062,85710.0,2
2,8,5,57,71,4474,40,23228.0,1
6,8,11,57,35,4454,292,44602.0,0
1,6,3,39,94,4856,15,7500.0,1
6,7,11,37,80,4953,341,38683.0,0
2,7,11,51,61,4514,369,49514.0,1
3,4,14,53,29,4703,401,57906.0,0
3,5,14,60,0,4780,393,43456.0,0
1,7,3,40,80,4598,10,19485.0,1
3,3,13,48,54,4739,486,53172.0,2
2,7,5,47,71,4940,69,30545.0,1
1,3,16,43,27,4594,1727,70123.0,2
2,3,14,67,61,4494,995,62450.0,2
3,7,7,50,55,4338,45,21675.0,1
4,7,8,45,35,4406,182,42395.0,1
1,3,22,48,34,4586,989,61346.0,2
1,2,17,73,95,4605,1677,80812.0,2
7,6,16,55,64,4684,595,42835.0,0
2,8,7,43,30,4820,156,39922.0,1
1,1,27,70,12,4405,1226,86424.0,2
4,9,7,48,96,4848,128,17117.0,1
3,8,6,54,16,4459,86,24762.0,1
2,8,5,51,16,4941,68,35797.0,1
1,5,3,51,78,4661,16,36627.0,1
2,6,5,45,83,4330,55,51111.0,1
1,2,21,54,96,4975,2114,86857.0,2
1,1,18,56,67,4682,2018,82072.0,2
4,9,11,73,87,4900,263,46231.0,0
2,7,5,67,34,4520,55,42243.0,1
8,8,16,64,46,4774,564,51195.0,0
2,5,18,48,7,4515,1281,68092.0,2
2,9,5,53,73,4825,83,31814.0,1
6,5,12,61,54,4979,353,51390.0,0
1,1,24,43,93,4486,1003,76630.0,2
1,7,3,35,52,4380,14,26868.0,1
2,6,22,83,53,4833,902,48948.0,0
2,6,23,54,81,4884,1139,55260.0,2
1,5,19,70,8,4646,797,64090.0,2
2,4,23,68,97,4477,1638,78331.0,2
3,6,14,52,50,4642,401,37087.0,1
4,8,7,40,38,4570,84,21846.0,1
1,2,17,68,61,4828,928,81320.0,2
2,6,9,56,46,4637,203,54137.0,1
1,2,15,59,73,4670,858,66825.0,2
1,3,12,53,19,4527,409,57100.0,2
5,5,11,57,10,4782,282,58917.0,0
1,0,17,49,94,4401,1423,85072.0,2
0,2,18,65,10,4540,1449,86429.0,2
1,7,3,55,37,4529,28,45684.0,1
1,5,5,52,94,4496,67,47889.0,1
1,4,9,40,23,4431,199,45921.0,1
1,1,21,60,75,4685,1453,78420.0,2
1,2,18,34,40,4554,1253,75114.0,2
6,8,25,63,24,4840,1198,52278.0,0
2,7,8,54,11,4670,178,35641.0,1
1,3,17,32,29,4893,1990,95529.0,2
1,1,13,72,51,4734,976,62820.0,2
1,2,14,66,86,4505,1001,73113.0,2
1,3,19,44,9,4646,1919,84169.0,2
2,3,12,72,30,4544,350,42607.0,1
1,3,24,72,73,4727,1650,74637.0,2
1,7,4,71,25,4397,46,46015.0,1
1,1,18,33,67,4758,1228,72354.0,2
1,6,6,57,67,4841,95,39858.0,1
3,4,6,78,58,4376,62,34469.0,1
1,5,25,40,82,4362,1761,83033.0,2
3,8,13,47,98,4987,467,24401.0,0
1,2,18,48,93,4459,1149,77583.0,2
1,2,18,44,53,4501,2052,74116.0,2
1,2,15,33,66,4376,1127,74293.0,2
1,3,20,50,6,4544,1416,68397.0,2
1,2,19,52,42,4402,1113,79632.0,2
1,3,6,37,78,4459,125,46107.0,1
2,7,23,75,29,5006,966,64950.0,0
1,8,4,37,82,4874,32,25443.0,1
1,1,18,74,92,4358,833,75127.0,2
2,8,6,55,78,4355,46,32892.0,1
1,4,16,55,54,4568,960,71796.0,2
3,8,27,56,45,4723,1829,67536.0,2
3,5,23,55,59,4670,779,55239.0,2
2,6,21,51,8,4644,811,60554.0,2
8,6,14,74,51,4704,1120,64831.0,0
2,5,18,64,51,4664,725,56067.0,2
1,1,11,43,76,4717,1187,82025.0,2
0,2,18,73,62,4802,2302,94384.0,2
3,7,6,40,86,4874,66,14906.0,1
1,8,18,39,60,4956,1250,51563.0,0
3,3,17,44,56,4453,683,57937.0,2
2,3,11,47,83,4592,305,68274.0,2
1,4,5,49,92,4525,50,39771.0,1
2,8,14,51,31,4956,995,67893.0,0
1,4,5,47,80,4370,41,27922.0,1
3,5,6,50,39,4372,77,52190.0,1
4,6,8,53,20,4836,171,44051.0,1
1,8,6,55,53,4734,131,42767.0,1
1,6,4,50,84,4369,54,46106.0,1
5,8,7,50,50,4824,53,16927.0,1
3,5,13,61,96,4895,475,59754.0,0
4,5,18,74,94,5001,694,53700.0,0
2,5,6,53,25,4373,96,59041.0,1
4,6,12,69,48,4748,361,54237.0,0
2,2,24,59,65,4966,1079,70647.0,2
3,5,17,64,69,4373,578,52597.0,2
2,6,5,57,12,4866,64,41021.0,1
5,6,8,51,84,4578,149,40233.0,1
7,5,10,46,47,4324,231,50183.0,0
3,4,18,67,87,4610,728,54753.0,2
1,2,22,53,35,4634,1778,92955.0,2
3,7,7,53,47,4945,93,33471.0,1
1,8,3,52,48,4762,23,34596.0,1
6,9,18,46,46,4944,662,44010.0,0
1,1,17,38,27,4467,1198,84219.0,2
4,7,7,58,37,4848,81,40706.0,1
3,8,7,38,8,4914,92,15716.0,1
3,5,15,67,29,4544,491,59052.0,0
1,2,23,55,85,4943,1564,80573.0,2
1,0,23,64,2,4466,926,83715.0,2
1,1,18,67,66,5017,1910,82576.0,2
7,7,14,61,60,4581,411,56962.0,0
3,4,6,74,54,4497,94,35704.0,1
5,7,23,72,70,4610,1085,53103.0,0
1,4,3,66,55,4672,23,46779.0,1
0,14,0,61,20,4327,6,4861.0,1
1,7,5,47,78,4646,54,33462.0,1
3,6,26,48,63,4578,1150,63693.0,2
1,3,22,76,17,4638,1415,80763.0,2
2,4,14,52,43,4632,405,65352.0,2
1,2,18,48,13,4536,1908,82170.0,2
1,5,25,57,46,4567,2486,75759.0,2
1,2,26,50,65,4733,1315,79689.0,2
2,5,5,70,1,4320,45,35340.0,1
1,1,16,72,6,4420,1789,85683.0,2
1,7,3,54,32,4897,19,24884.0,1
5,9,17,45,34,4987,573,42021.0,0
4,4,20,37,70,4451,805,64449.0,2
2,3,6,72,49,4327,108,64587.0,1
1,6,3,31,65,4415,23,34824.0,1
1,6,22,48,25,4552,1493,75437.0,2
3,5,6,69,84,4444,89,26091.0,1
3,6,22,53,7,4640,936,52845.0,0
4,4,12,70,34,4558,343,46086.0,0
1,7,19,70,38,4977,528,78028.0,0
1,1,11,39,1,4583,1901,95169.0,2
5,8,17,45,25,4779,724,56337.0,0
2,8,5,39,25,4821,58,22434.0,1
5,8,11,72,50,4728,297,36930.0,0
6,4,15,72,46,4832,488,36130.0,0
2,3,21,73,96,4921,859,65569.0,2
1,1,19,74,57,4733,1574,83844.0,2
4,8,6,58,47,4474,69,19514.0,1
1,6,3,63,52,4735,17,36736.0,1
1,5,20,47,30,4993,2194,77568.0,2
1,2,7,50,63,4489,116,49187.0,1
7,9,11,48,51,4799,279,30168.0,0
1,8,6,58,14,4977,103,34053.0,1
3,5,6,55,20,4392,44,38196.0,1
1,3,14,75,56,4391,406,59412.0,2
1,3,19,61,41,4403,1363,70924.0,2
1,2,10,57,72,4717,236,54165.0,1
1,8,4,53,1,4862,39,32300.0,1
1,7,7,50,27,4814,137,20180.0,1
3,7,7,53,77,4330,79,34961.0,1
1,8,5,52,87,4677,63,28440.0,1
7,7,18,73,81,4802,1314,64504.0,0
1,5,5,60,51,4325,71,33564.0,1
2,8,5,48,79,4923,58,17345.0,1
3,4,18,59,11,4767,702,56320.0,0
1,7,6,48,54,4632,94,28647.0,1
2,9,5,39,93,4836,80,15038.0,1
1,4,4,68,0,4652,22,32173.0,1
5,6,27,62,54,4922,1211,68316.0,0
1,3,21,55,21,4685,1461,74538.0,2
1,3,19,55,58,4848,1968,91700.0,2
1,2,15,57,3,4324,1091,68695.0,2
1,8,4,49,99,4843,55,31056.0,1
1,2,18,53,70,4368,1366,79593.0,2
2,8,11,46,65,4989,313,28071.0,1
4,4,7,68,44,4443,62,37334.0,1
3,7,6,54,6,4604,92,46423.0,1
1,6,5,55,9,4411,72,37126.0,1
4,5,17,73,95,4716,655,47703.0,0
2,3,16,67,70,4387,704,61180.0,2
3,8,5,72,92,4923,54,38998.0,1
15,19,1,35,62,4969,178,8028.0,0
1,2,13,64,85,4357,1033,76081.0,2
1,6,4,40,2,4654,36,34728.0,1
3,7,7,61,0,4944,122,33168.0,1
1,4,6,60,91,4597,122,33585.0,1
1,3,26,66,3,4579,1123,77037.0,2
6,8,12,42,68,4913,497,35196.0,0
6,5,19,60,98,4679,691,44529.0,0
1,3,19,61,41,4403,1363,70924.0,2
1,8,3,60,16,4344,12,28764.0,1
1,5,24,77,82,4818,2440,69098.0,2
2,6,5,56,1,4820,56,25959.0,1
1,7,4,43,64,4770,37,27100.0,1
1,2,20,41,68,4952,968,70596.0,2
4,8,11,52,98,4989,270,42557.0,0
1,7,11,75,32,4644,278,53312.0,1
1,3,21,74,87,4899,1250,72228.0,2
1,1,16,39,84,4775,938,67605.0,2
11,8,17,77,3,4956,1178,62845.0,0
2,5,24,68,34,4659,1155,65196.0,2
2,5,18,39,23,4855,653,42000.0,0
2,5,4,53,37,4361,49,35860.0,1
1,2,16,62,22,4399,506,65526.0,2
3,7,5,65,19,4975,38,16860.0,1
1,1,22,34,7,4379,1650,83528.0,2
8,6,25,61,52,5015,1826,64176.0,0
1,8,3,70,91,5014,18,22304.0,1
1,2,23,48,93,4437,906,67023.0,2
2,8,6,55,78,4355,46,32892.0,1
6,3,19,60,23,4893,1477,70713.0,0
3,6,20,71,83,4896,766,59925.0,0
2,5,5,73,92,4445,47,39722.0,1
1,6,13,68,4,4666,467,46610.0,1
1,1,20,65,32,4681,2116,88347.0,2
1,2,24,45,27,4744,1298,87171.0,2
2,7,4,50,10,4633,22,26907.0,1
2,5,13,58,9,4478,396,50014.0,1
1,7,3,48,65,4753,20,41014.0,1
1,2,12,61,68,4424,967,66294.0,2
6,9,13,55,16,4909,357,36715.0,0
1,3,15,70,12,4996,1401,79456.0,2
1,4,3,44,95,4636,15,40479.0,1
1,3,19,56,16,4832,2087,75345.0,2
4,8,22,49,46,4830,981,54233.0,0
2,4,4,56,3,4580,17,24163.0,1
0,5,22,68,80,4861,523,84460.0,2
1,6,3,43,77,4377,23,43776.0,1
1,2,16,68,0,4424,1192,71691.0,2
1,2,19,53,62,4351,1958,85844.0,2
2,5,7,52,91,4384,133,39190.0,1
1,2,16,67,24,4630,777,71367.0,2
3,8,6,54,2,4692,73,38578.0,1
3,3,7,61,22,4429,121,57236.0,1
1,4,14,47,56,4646,424,61825.0,2
1,1,12,68,54,4347,868,79803.0,2
1,1,14,40,71,4926,756,80910.0,2
1,7,3,44,38,4752,12,27590.0,1
2,5,23,47,62,4863,937,56775.0,2
0,1,17,51,78,4584,1862,83829.0,2
2,5,12,47,18,4725,367,54210.0,1
6,8,14,40,95,4651,443,38508.0,0
2,5,11,56,66,4566,267,53187.0,1
1,8,5,54,28,4417,61,30023.0,1
1,2,20,66,78,4546,1323,76045.0,2
1,5,5,74,13,4330,63,50870.0,1
2,5,6,56,27,4650,64,15315.0,1
2,5,17,52,17,4470,562,65463.0,2
7,4,12,61,71,4349,312,66480.0,0
1,1,15,72,79,4809,1156,76773.0,2
1,5,15,43,1,4805,1104,81698.0,2
1,5,3,53,78,4460,16,54466.0,1
0,1,19,66,23,4452,2008,98777.0,2
3,8,6,42,75,4623,44,16269.0,1
3,6,11,55,70,4625,1574,71819.0,2
1,8,4,43,10,4576,63,33569.0,1
1,6,11,43,24,4602,426,36262.0,1
1,8,5,60,47,4849,96,22634.0,1
5,9,18,48,98,4610,635,47025.0,0
2,3,20,58,4,4586,757,70566.0,2
2,7,7,47,15,4904,125,31605.0,1
5,7,11,53,67,4728,332,52034.0,0
1,3,7,47,32,4507,135,48526.0,1
2,7,12,72,40,4908,330,46734.0,0
7,8,13,64,54,4878,384,39552.0,0
4,8,14,60,78,5010,1722,86358.0,0
2,3,5,49,94,4386,78,46931.0,1
1,4,3,41,51,4853,24,16581.0,1
1,4,24,74,42,4511,1168,63998.0,2
4,7,13,75,67,4850,957,67381.0,0
1,7,3,59,87,4582,15,25930.0,1
1,5,4,48,29,4342,57,42693.0,1
2,3,22,50,89,4914,1956,85606.0,2
1,4,20,41,74,4563,2013,72903.0,2
2,6,12,52,97,4356,326,49669.0,1
3,9,6,58,63,5013,77,36778.0,1
1,1,19,64,88,4742,1313,85696.0,2
2,5,6,37,34,4358,30,10979.0,1
2,7,12,65,81,4832,315,49678.0,0
4,4,18,73,65,4694,660,56129.0,0
1,5,6,37,51,4834,74,37155.0,1
2,6,5,48,76,4369,46,21282.0,1
2,7,6,64,76,4636,86,33419.0,1
1,3,24,81,84,4556,1103,63285.0,2
4,4,7,52,56,4479,61,21255.0,1
2,6,7,45,31,4542,145,42162.0,1
12,8,19,70,0,4973,684,54450.0,0
2,8,14,72,91,4549,411,57744.0,1
1,9,3,40,40,4944,27,26576.0,1
2,6,25,83,59,4678,1060,57513.0,2
3,6,21,62,96,4989,1459,68142.0,0
1,8,3,47,61,4989,18,7500.0,1
1,2,25,52,14,4965,1833,83145.0,2
2,1,10,66,16,4407,237,54197.0,2
4,7,6,63,98,4352,48,23091.0,1
10,7,16,50,11,4663,515,46049.0,0
1,4,14,52,52,4891,1020,56715.0,2
1,1,10,65,19,4351,1370,79410.0,2
2,5,23,75,61,4795,1026,57304.0,2
1,5,11,61,73,4418,301,44375.0,1
12,8,19,70,0,4973,684,54450.0,0
1,7,16,61,74,4937,499,59594.0,0
1,2,20,32,55,4996,1004,80685.0,2
2,7,10,52,48,4579,218,40344.0,1
4,4,18,54,53,4722,606,62710.0,0
1,3,5,58,13,4679,75,48985.0,1
3,8,6,58,34,4996,106,35322.0,1
1,2,16,78,54,4716,990,77142.0,2
1,1,15,57,69,4478,1097,81657.0,2
1,5,3,30,81,4452,16,14421.0,1
1,8,4,52,99,4424,34,20130.0,1
1,5,15,36,3,4992,1711,74214.0,2
3,7,14,69,61,4488,438,66726.0,0
2,8,5,47,65,4857,75,23724.0,1
3,5,10,66,93,4548,225,47353.0,1
1,8,3,74,24,4923,18,33444.0,1
2,3,15,45,8,4728,470,54386.0,2
3,5,6,45,72,4762,91,28510.0,1
1,1,17,35,29,4456,2525,90638.0,2
3,7,16,76,33,4852,504,48070.0,0
1,6,10,69,68,4860,235,43140.0,1
3,7,18,65,55,4846,1232,54959.0,0
5,5,7,68,76,4742,88,15056.0,1
1,7,3,55,17,4372,17,26954.0,1
1,5,4,41,94,4651,24,22327.0,1
2,4,5,61,86,4631,60,44393.0,1
1,4,25,74,25,4628,1020,62000.0,2
2,8,8,64,22,4890,155,31497.0,1
1,5,4,52,15,4442,51,45894.0,1
1,3,15,56,35,4874,1812,78579.0,2
4,4,21,57,81,4909,1461,67369.0,2
1,4,5,66,55,4390,96,58401.0,1
1,5,8,74,94,4452,160,62307.0,1
3,6,7,57,50,4753,139,43641.0,1
1,6,21,58,64,4754,908,63841.0,2
1,4,7,61,91,4621,183,46891.0,1
2,8,17,57,11,4775,1161,70091.0,0
1,1,13,54,72,4405,988,78075.0,2
3,5,24,65,6,4978,1072,59184.0,0
4,4,8,49,0,4611,174,54809.0,1
3,7,19,67,66,4840,758,58113.0,0
2,4,9,68,42,4500,195,51412.0,1
2,7,4,47,60,4947,31,15287.0,1
1,1,16,69,64,4636,1084,66636.0,2
3,8,19,70,87,4814,685,50965.0,0
1,2,25,61,96,4539,1672,84618.0,2
1,7,5,36,1,4563,43,18351.0,1
1,5,4,69,54,4453,49,40451.0,1
2,7,7,61,53,4723,133,36317.0,1
2,7,13,69,96,4580,363,42213.0,1
2,1,16,71,58,4760,545,65748.0,2
2,4,29,54,12,4565,1065,77044.0,2
1,3,20,57,78,4794,2047,74918.0,2
5,6,10,54,64,4926,296,56721.0,0
4,6,7,51,26,4686,140,42160.0,1
1,3,16,61,8,4667,530,61559.0,2
5,9,8,63,49,5010,152,33629.0,0
1,2,23,35,56,4586,1598,68682.0,2
2,7,6,63,55,4846,114,34377.0,1
3,8,7,40,25,4996,101,8940.0,1
1,8,3,53,50,4600,25,26228.0,1
1,4,21,69,84,4839,789,77297.0,2
2,8,5,45,30,4654,87,40211.0,1
4,5,7,68,81,4600,90,33438.0,1
2,3,18,67,74,4747,1215,75032.0,2
1,6,21,71,76,4580,811,61284.0,2
2,5,5,40,36,4935,61,22518.0,1
5,4,13,51,64,4638,405,54730.0,0
3,7,6,71,62,4411,72,38452.0,1
5,8,9,55,53,4819,189,44421.0,0
1,5,4,40,86,4685,40,38197.0,1
3,4,7,48,15,4460,63,41986.0,1
2,8,5,43,67,4785,52,28427.0,1
1,6,4,50,47,4378,39,37395.0,1
4,6,21,55,47,4354,805,64722.0,2
1,3,7,70,81,4393,130,55249.0,1
1,2,23,54,98,4588,1631,84906.0,2
1,8,4,37,56,4680,34,28691.0,1
4,6,8,74,48,4532,152,44213.0,1
1,7,4,42,18,4482,21,25707.0,1
2,4,5,59,74,4589,71,59062.0,1
1,1,22,64,68,4356,899,76624.0,2
1,1,9,79,36,4390,711,66000.0,2
4,8,12,48,90,5014,351,27683.0,0
15,20,0,55,65,4362,8,1730.0,0
4,9,7,34,63,4893,119,7500.0,1
1,5,3,58,82,4770,21,40521.0,1
1,8,3,53,63,4417,10,20427.0,1
3,6,24,51,55,4356,973,65106.0,2
1,3,12,61,64,4626,1536,69969.0,2
4,4,24,74,51,4668,992,67433.0,2
2,6,32,59,97,4812,1529,77766.0,2
2,4,15,54,92,4610,860,74716.0,2
2,6,21,63,51,4574,928,68118.0,2
4,7,14,56,72,5019,418,55158.0,0
2,6,14,71,39,5015,587,62972.0,0
2,2,17,51,49,4368,641,74190.0,2
1,6,3,50,21,4422,23,39356.0,1
1,2,22,57,91,4637,2279,76653.0,2
2,5,4,53,37,4361,49,35860.0,1
1,2,16,43,98,4723,1779,90687.0,2
1,3,26,44,85,4526,1804,73450.0,2
3,8,5,66,40,4678,48,31454.0,1
2,7,5,74,2,4435,83,47139.0,1
0,1,17,51,78,4584,1862,83829.0,2
10,8,19,63,41,4963,793,53378.0,0
3,7,6,56,94,4826,84,19656.0,1
1,6,9,78,10,4633,183,45579.0,1
1,2,18,68,73,4328,1383,85485.0,2
2,4,14,82,22,4403,999,55956.0,2
3,3,21,63,30,4843,825,64191.0,2
4,8,10,54,21,4992,246,38808.0,0
8,8,17,60,51,4787,610,57183.0,0
3,8,6,58,97,4905,76,23748.0,1
4,8,18,55,56,4808,1286,66303.0,0
1,6,3,51,4,4515,30,37368.0,1
2,7,6,62,77,4864,99,40800.0,1
0,3,22,48,95,4966,1192,71847.0,2
5,5,13,51,36,4532,362,46149.0,0
1,2,18,43,13,5009,2130,78687.0,2
2,7,26,55,90,5000,1229,49118.0,0
2,9,4,69,49,4967,38,37633.0,1
2,8,15,75,18,4663,485,39767.0,0
2,7,11,75,89,4921,434,26997.0,1
1,7,4,56,43,4792,44,33986.0,1
2,7,16,54,82,4903,496,57091.0,0
2,4,5,57,84,4706,78,46831.0,1
1,2,22,54,80,4824,2346,83151.0,2
2,6,19,55,68,4866,794,52531.0,0
1,7,3,70,12,4617,17,15759.0,1
1,9,4,55,75,4653,26,22804.0,1
2,5,6,53,10,4423,76,43050.0,1
1,7,3,49,91,4524,15,42997.0,1
2,4,5,63,21,4398,62,48918.0,1
2,2,8,72,28,4412,198,60033.0,1
1,9,4,48,97,4567,49,34043.0,1
5,5,20,60,49,4690,802,57811.0,0
1,1,14,80,14,4450,1736,78569.0,2
4,6,6,48,5,4869,57,7500.0,1
0,1,2,55,37,4710,59,157733.0,2
0,2,18,73,62,4802,2302,94384.0,2
1,7,5,41,83,4451,37,23148.0,1
5,9,11,56,48,4809,310,44267.0,0
1,3,18,47,94,4925,1305,71626.0,2
5,7,21,60,61,4686,832,60894.0,0
6,8,13,50,70,4772,401,50200.0,0
1,2,22,61,43,4357,1501,81051.0,2
1,6,27,44,23,4486,1189,65169.0,2
7,6,25,54,37,4662,1194,59868.0,0
2,4,19,66,50,4469,656,65695.0,2
1,4,22,70,78,4903,1540,64857.0,2
3,7,12,61,74,4627,311,45143.0,1
5,2,21,71,14,4555,820,74805.0,2
3,4,11,37,77,4489,274,59060.0,1
3,9,6,64,39,4755,57,27238.0,1
4,4,13,61,89,4591,448,47009.0,0
1,7,4,53,62,4339,44,46094.0,1
2,7,6,54,59,4655,102,40321.0,1
1,4,4,42,68,4468,61,37235.0,1
1,3,26,66,13,4753,1643,81843.0,2
3,6,12,68,37,4708,397,46692.0,0
2,1,24,58,36,4493,1121,77382.0,2
4,9,12,49,28,4984,473,37774.0,0
2,8,6,52,2,4412,50,18393.0,1
6,7,22,64,17,4820,1678,72828.0,0
1,7,6,44,86,4392,58,24711.0,1
1,5,8,51,54,4597,170,45503.0,1
0,17,2,44,2,4519,373,6560.0,1
1,4,16,81,3,4544,1196,71604.0,2
2,7,6,47,84,4434,101,27244.0,1
5,9,12,57,8,4884,316,48752.0,0
3,4,18,64,4,4604,1400,71434.0,2
1,1,26,78,57,4655,1424,90842.0,2
1,9,19,48,24,5000,844,88097.0,0
2,5,11,51,51,4605,311,51948.0,1
1,1,16,44,29,4737,1149,71853.0,2
1,6,7,43,13,4390,129,35876.0,1
1,6,4,74,23,4576,32,40049.0,1
3,9,11,44,36,5010,299,39660.0,0
1,6,12,64,88,4351,320,50127.0,1
3,5,13,49,2,4905,441,43263.0,0
11,8,17,77,3,4956,1178,62845.0,0
1,6,5,36,15,4818,85,18929.0,1
1,9,3,44,58,4786,24,24367.0,1
2,6,6,51,11,4814,112,33249.0,1
1,6,4,67,27,4824,30,26887.0,1
2,5,14,43,32,4694,410,50150.0,1
3,6,21,50,12,4622,800,62061.0,0
1,1,19,64,88,4742,1313,85696.0,2
1,2,22,70,91,4776,1483,76542.0,2
1,2,16,33,12,4571,1258,70515.0,2
1,8,3,39,21,4918,28,18227.0,1
1,4,10,61,23,4473,227,69139.0,1
1,4,19,44,10,4917,1555,69109.0,2
2,5,21,64,35,4789,861,69627.0,2
2,8,6,48,69,4753,103,38136.0,1
1,4,18,80,68,4382,634,62159.0,2
1,2,18,63,85,4502,1918,80695.0,2
3,6,7,55,34,4588,131,33316.0,1
6,7,16,58,55,4961,586,58554.0,0
2,8,5,34,10,4538,62,17256.0,1
8,8,14,52,30,4715,447,53034.0,0
1,6,26,76,36,5018,939,52203.0,0
4,8,11,49,14,4659,797,59601.0,0
1,3,15,68,79,4983,1143,75154.0,2
3,6,14,50,52,4554,415,47025.0,1
1,8,4,53,97,4536,30,37971.0,1
3,7,9,58,24,4505,187,41335.0,1
1,2,10,68,0,4367,251,67267.0,2
2,5,10,51,96,4381,237,57338.0,1
2,6,6,66,89,4506,91,50523.0,1
2,8,4,61,94,4739,35,35791.0,1
6,6,16,66,98,4953,493,50611.0,0
5,6,23,57,72,4803,971,56242.0,0
4,8,13,66,1,4894,371,48904.0,0
6,5,14,51,26,4501,396,56243.0,0
2,6,5,41,5,4633,68,21355.0,1
3,7,12,55,22,4689,322,57420.0,0
2,5,12,56,39,4774,317,51381.5,1
1,7,9,71,56,4375,222,46390.0,1
4,6,8,70,74,4681,177,54342.0,0
1,5,4,68,87,4984,45,51381.5,1
1,7,3,62,49,4488,21,51381.5,1
1,9,5,53,24,4951,45,20895.0,1
0,1,20,78,9,4485,1899,92344.0,2
1,7,4,54,17,4439,42,51381.5,1
2,7,4,50,10,4633,22,26907.0,1
1,8,4,46,35,4880,41,44964.0,1
1,3,20,47,56,4378,1440,75507.0,2
6,5,11,54,7,4581,325,53761.0,0
3,4,7,53,51,4589,95,22682.0,1
1,7,4,54,17,4439,42,38887.0,1
2,4,4,51,30,4917,72,41658.0,1
2,5,5,54,21,4365,20,29791.0,1
2,5,21,70,2,4654,789,63915.0,2
1,6,3,52,85,4358,15,39996.0,1
2,6,6,54,65,4462,59,26759.0,1
1,6,21,58,64,4754,908,63841.0,2
2,7,12,57,11,4886,417,51039.0,0
4,6,11,65,92,4993,289,60544.0,0
1,5,20,54,54,4412,769,65685.0,2
2,7,8,73,4,4389,188,37716.0,1
3,8,11,69,53,5005,354,36864.0,0
6,8,20,56,39,4945,727,44511.0,0
4,9,7,59,49,5011,146,36947.0,0
4,7,12,75,70,4764,319,47352.0,0
2,4,20,73,40,4514,794,67087.0,2
3,3,15,76,40,4979,454,57045.0,0
4,9,7,73,43,4981,152,36957.0,0
1,4,21,49,17,4959,797,69389.0,2
2,6,14,54,40,4725,1690,80134.0,2
1,7,3,57,84,4451,20,43142.0,1
1,1,20,82,25,4478,1428,80589.0,2
3,9,8,36,62,4821,209,34412.0,1
4,4,15,47,83,4704,545,57537.0,0
1,8,5,60,47,4849,96,22634.0,1
1,2,9,78,45,4446,222,51315.0,1
2,6,5,54,34,4425,61,36026.0,1
3,6,6,53,3,4472,44,24639.0,1
1,6,3,54,1,4399,8,34578.0,1
1,1,22,54,18,4579,817,65704.0,2
4,8,19,60,45,4915,1371,63810.0,0
1,7,4,57,81,4453,42,54132.0,1
1,8,4,67,77,4868,60,18690.0,1
3,7,6,56,23,4741,78,28164.0,1
1,8,3,52,48,4762,23,34596.0,1
1,8,3,54,61,4606,19,43269.0,1
2,7,5,68,60,4411,61,38741.0,1
1,7,13,54,75,4802,449,31907.0,1
1,7,4,43,64,4770,37,27100.0,1
1,6,4,53,54,4456,38,31163.0,1
1,2,22,41,84,4512,1131,92533.0,2
2,6,5,53,75,4508,34,34853.0,1
5,7,12,59,16,4562,294,70844.0,0
2,8,4,47,79,4741,48,31086.0,1
4,6,11,65,92,4993,289,60544.0,0
1,7,3,40,16,4840,30,20491.0,1
1,2,6,62,96,4387,125,42523.0,1
2,8,7,43,30,4820,156,39922.0,1
3,8,6,74,60,4666,70,33402.0,1
1,6,3,77,11,4601,22,36408.0,1
3,9,6,47,75,4984,65,21645.0,1
3,3,20,78,36,4933,1930,78427.0,2
1,4,22,80,71,4595,2283,82657.0,2
1,1,12,68,88,4577,310,51876.0,2
1,2,17,55,93,4880,1319,78041.0,2
4,8,22,69,93,4895,879,52852.0,0
1,2,16,44,54,4567,1244,70038.0,2
4,2,13,53,41,4418,690,69401.0,2
3,5,9,54,46,4817,209,46053.0,1
1,1,16,61,28,4340,1134,77343.0,2
1,1,22,73,40,4548,1507,73892.0,2
1,7,5,59,82,4592,57,40304.0,1
2,8,15,61,38,4990,529,32727.0,0
1,2,15,57,3,4324,1091,68695.0,2
3,8,8,55,87,4944,180,43300.0,1
4,6,6,54,49,4853,77,26290.0,1
0,2,25,56,16,4457,2349,93790.0,2
2,6,16,52,65,4973,534,38410.0,0
4,5,17,76,9,4474,556,64866.0,0
7,3,18,67,24,4634,637,57957.0,0
1,7,4,71,25,4397,46,46015.0,1
3,7,6,48,43,4331,44,16531.0,1
1,7,4,40,10,4676,47,28072.0,1
4,2,18,63,29,4694,795,49476.0,2
4,8,17,73,45,4821,586,50725.0,0
1,1,19,74,57,4733,1574,83844.0,2
1,3,3,76,20,4461,13,41145.0,1
4,5,21,56,29,4849,1471,67419.0,0
3,6,5,56,82,4510,65,23162.0,1
4,8,8,49,68,4743,175,34380.0,1
1,5,4,60,65,4748,40,34704.0,1
1,7,17,57,99,4986,1078,94871.0,2
2,4,19,68,9,4910,1115,65148.0,2
2,7,7,72,20,4822,134,39898.0,1
1,4,22,70,78,4903,1540,64857.0,2
1,3,6,56,26,4559,87,59892.0,1
1,3,9,39,68,4564,217,41020.0,1
2,5,25,65,79,4476,1034,57072.0,2
7,7,24,47,25,4774,1180,60474.0,0
3,5,20,66,83,4987,819,62807.0,0
1,8,4,45,32,4576,32,19414.0,1
2,7,4,46,49,4631,46,19107.0,1
2,4,16,50,50,5016,1159,75484.0,2
3,4,22,50,84,4803,860,70379.0,2
1,2,14,56,96,4327,1631,79419.0,2
7,7,15,80,56,4339,444,64014.0,0
2,6,27,71,85,4854,1910,76998.0,2
5,6,13,54,63,4551,380,49854.0,0
10,5,20,55,17,4690,736,60585.0,0
4,8,11,76,11,4844,269,42873.0,0
1,4,28,38,62,4657,2524,87679.0,2
7,6,18,48,48,4591,612,57867.0,0
2,6,6,36,86,4520,75,35765.0,1
2,2,24,67,73,4474,1045,65492.0,2
1,7,5,49,36,4530,55,32952.0,1
6,9,15,57,34,5002,1064,53374.0,0
4,5,21,67,16,4913,1443,71706.0,0
1,4,29,38,48,4852,1366,68487.0,2
7,5,12,51,61,4823,436,53253.0,0
1,6,4,53,54,4456,38,31163.0,1
6,8,14,49,56,5001,436,42014.0,0
13,8,19,53,74,4921,747,54108.0,0
2,8,20,71,35,4998,1396,49667.0,0
1,2,13,52,65,4421,928,63206.0,2
9,6,17,54,48,4675,642,57136.0,0
6,8,24,51,88,4919,1048,46772.0,0
1,1,23,55,19,4567,943,78931.0,2
5,5,22,68,21,4706,907,53977.0,0
1,1,17,38,27,4467,1198,84219.0,2
4,8,7,51,86,5000,120,46098.0,0
3,7,23,61,92,4901,1658,73538.0,2
1,2,21,40,1,4383,1638,79529.0,2
1,8,6,49,14,4745,73,20981.0,1
2,5,10,46,74,4430,275,51766.0,1
5,8,21,64,84,4898,854,55759.0,0
1,5,6,48,4,4613,78,33039.0,1
1,8,6,54,50,4602,106,37787.0,1
2,9,5,56,2,4915,106,27242.0,1
1,3,18,43,73,4711,1923,87188.0,2
1,3,21,55,21,4719,1662,69930.0,2
1,6,6,50,82,4462,84,37697.0,1
2,7,5,53,14,4374,48,37401.0,1
0,14,0,53,56,4762,5,3502.0,1
12,7,20,50,20,4906,733,58597.0,0
0,1,17,78,54,4405,1234,82032.0,2
3,7,6,68,77,4885,112,28087.0,1
1,3,14,39,5,4445,1658,74004.0,2
2,5,5,66,65,4782,55,19740.0,1
4,9,22,51,33,4885,1513,57036.0,0
6,7,11,68,65,4730,271,53083.0,0
4,5,23,51,41,4335,904,69283.0,2
4,8,7,51,86,5000,120,46098.0,0
2,8,6,38,92,4983,103,23331.0,1
6,9,11,38,97,4952,269,23331.0,0
1,8,4,37,91,4511,22,9255.0,1
1,1,15,67,0,4524,1156,67786.0,2
3,8,16,55,59,4941,1086,71969.0,0
3,7,25,59,4,4853,1128,59235.0,0
2,7,7,37,5,4413,72,31928.0,1
4,5,23,65,48,4798,964,74881.0,0
1,3,19,48,99,4897,1383,65819.0,2
1,5,3,73,81,4719,18,51411.0,1
3,7,21,62,95,4987,793,51983.0,0
1,8,6,40,43,4852,100,42386.0,1
1,6,5,39,5,4620,80,30390.0,1
1,8,7,63,50,4917,167,30983.0,1
2,7,18,69,76,4845,677,66033.0,0
1,6,3,51,46,4777,23,37284.0,1
1,1,6,75,68,4580,92,57530.0,1
1,1,15,61,33,4433,641,76800.0,2
1,5,16,70,50,4985,1106,63943.0,2
1,2,13,64,85,4357,1033,76081.0,2
5,6,27,52,63,5006,1174,67445.0,0
2,7,4,59,89,4607,25,37054.0,1
7,8,10,64,81,4929,240,47175.0,0
1,7,3,50,77,4700,20,31859.0,1
4,6,7,65,50,4842,102,27215.0,1
3,5,23,50,10,4663,1034,70179.0,2
2,8,7,43,30,4820,156,39922.0,1
6,7,15,50,66,4557,458,49681.0,0
1,8,3,38,16,4925,17,24645.0,1
1,1,20,72,12,4331,792,79865.0,2
2,8,6,41,30,4333,92,44322.0,1
2,5,14,74,8,4846,407,47958.0,0
4,4,19,62,93,4894,1269,63972.0,0
2,2,21,72,14,4395,841,75315.0,2
5,9,18,76,53,4960,633,55517.0,0
11,4,14,69,26,4779,1019,75283.0,0
1,3,25,80,23,4902,1315,82800.0,2
3,8,5,72,92,4923,54,38998.0,1
1,1,17,35,29,4456,2525,90638.0,2
1,7,4,40,41,4564,52,27161.0,1
6,8,14,49,56,5001,436,42014.0,0
4,8,11,66,19,4777,268,38201.0,0
1,6,7,44,4,4418,147,45203.0,1
1,1,17,79,89,4382,1798,81574.0,2
1,7,7,34,71,4693,137,34935.0,1
1,7,16,50,81,4842,507,60482.0,0
1,6,3,70,31,4477,15,34633.0,1
1,1,16,79,53,4520,1105,78093.0,2
1,1,14,76,78,4529,974,82460.0,2
2,4,6,60,80,4387,66,45903.0,1
1,1,26,39,18,4444,778,81361.0,2
2,5,4,53,37,4361,49,35860.0,1
4,7,8,74,52,4999,169,40442.0,0
1,2,11,61,39,4322,299,61482.0,2
7,7,10,46,11,4765,221,34968.0,0
1,3,24,39,33,4507,1682,75794.0,2
2,8,8,64,22,4890,155,31497.0,1
1,2,12,71,83,4820,892,74268.0,2
1,9,4,38,43,4987,58,13724.0,1
3,7,12,61,74,4627,311,45143.0,1
1,3,6,59,54,4405,95,52569.0,1
5,8,14,53,3,4939,424,48432.0,0
5,7,7,66,96,4454,47,17144.0,1
3,9,12,42,68,4577,339,36108.0,1
1,6,20,55,2,4959,1410,76445.0,2
1,2,5,51,40,4385,35,36663.0,1
4,7,16,61,64,4687,562,53843.0,0
1,2,23,70,26,4961,2352,90226.0,2
1,3,19,71,69,4713,1334,70638.0,2
2,4,4,66,57,4623,32,44512.0,1
2,7,5,65,78,4439,41,27116.0,1
1,8,4,63,71,4657,39,54072.0,1
4,3,21,49,59,4849,1141,71855.0,2
5,9,19,36,28,4776,710,51250.0,0
5,6,14,53,61,4432,401,60432.0,0
1,2,16,62,22,4399,506,65526.0,2
1,3,20,38,95,5008,1538,68655.0,2
1,9,5,48,38,4892,57,12393.0,1
1,4,18,36,19,4636,1722,64509.0,2
4,8,11,51,92,4644,270,33955.0,1
2,8,4,49,24,4502,31,31353.0,1
3,4,21,42,21,4587,882,55434.0,2
1,7,3,43,35,4565,16,28359.0,1
2,3,12,39,9,4362,311,57100.0,1
1,4,10,61,23,4473,227,69139.0,1
7,8,24,70,92,4918,1152,52973.0,0
1,7,7,61,55,4633,122,51717.0,1
3,8,6,55,14,4853,77,18793.0,1
1,3,18,44,78,4962,1289,66664.0,2
9,9,15,67,64,4849,561,50664.0,0
4,4,9,63,49,4842,211,54414.0,0
2,7,10,74,8,4438,233,54549.0,1
6,9,15,55,35,4979,1092,47111.0,0
1,6,16,63,11,4789,601,41003.0,1
3,7,7,44,8,4447,54,19444.0,1
1,7,6,50,53,4567,78,36301.0,1
1,4,25,79,36,4622,1095,73059.0,2
3,5,10,57,64,4571,244,42731.0,1
2,5,7,67,43,4417,116,52854.0,1
1,8,3,48,40,4695,15,22775.0,1
2,5,14,78,52,4584,425,46681.0,1
6,8,20,71,11,4763,734,59821.0,0
2,7,17,72,21,4697,638,50002.0,0
1,1,21,81,23,4590,894,69755.0,2
2,5,5,57,17,4330,41,44078.0,1
1,7,4,50,6,4687,31,30560.0,1
1,5,4,57,56,4418,34,35924.0,1
5,5,13,62,71,4599,1750,64140.0,0
8,9,17,45,51,4930,612,56386.0,0
1,5,4,47,94,4521,29,24594.0,1
1,4,20,45,27,4378,823,75774.0,2
1,4,3,66,1,4735,20,39228.0,1
2,6,14,52,56,4519,396,58494.0,1
1,2,20,45,71,4333,813,58684.0,2
1,6,19,59,18,4727,1179,57136.0,2
3,4,7,76,48,4373,138,56551.0,1
3,3,6,44,86,4443,55,22448.0,1
1,6,21,65,48,4998,1511,82014.0,2
3,9,6,63,2,4980,117,34213.0,1
0,1,28,49,13,4746,1730,157146.0,2
2,6,4,79,57,4662,32,25358.0,1
1,7,5,48,77,4433,67,35544.0,1
3,7,12,72,0,4717,335,36634.0,0
1,3,21,72,57,4467,825,62670.0,2
6,6,17,54,24,4660,694,50334.0,0
1,2,16,45,55,4326,1792,72066.0,2
9,6,15,68,62,4743,496,50729.0,0
4,9,9,58,89,4730,231,34916.0,1
2,4,22,50,77,4351,902,64892.0,2
3,6,6,60,45,4490,68,43602.0,1
1,4,5,37,46,4611,71,33996.0,1
1,7,5,41,80,4695,76,41473.0,1
1,4,21,59,60,4633,772,63246.0,2
3,2,6,67,71,4502,47,36732.0,1
2,8,23,56,43,4542,1586,69084.0,2
2,6,32,59,97,4812,1529,77766.0,2
2,7,11,41,49,4654,265,37929.0,1
1,2,17,75,66,4617,1603,86610.0,2
1,6,21,40,20,4854,2091,80141.0,2
1,3,20,71,54,4711,981,72635.0,2
4,5,30,56,61,4904,1533,69016.0,2
1,4,6,35,18,4898,82,20193.0,1
4,8,10,51,45,4781,244,27573.0,1
1,8,4,47,26,4687,36,15862.0,1
2,7,14,50,0,4822,404,49544.0,1
1,7,5,46,28,4477,71,33228.0,1
1,3,22,48,49,4584,1572,70440.0,2
4,5,7,55,84,4483,122,38232.0,1
4,5,6,71,38,4923,41,22554.0,1
1,3,3,43,53,4345,10,23536.0,1
2,5,11,74,88,4567,304,49413.0,1
1,5,4,57,99,4416,37,42231.0,1
1,2,15,46,12,5010,1754,78789.0,2
4,8,21,58,35,4661,815,56534.0,0
4,6,23,55,5,4861,1001,58350.0,0
1,1,21,37,77,4665,1157,81217.0,2
3,7,18,75,45,4665,688,49090.0,0
1,5,18,39,71,4678,1319,61787.0,2
1,8,3,41,40,4815,21,18169.0,1
1,7,3,45,82,4991,31,24336.0,1
1,8,5,36,70,4865,67,18222.0,1
2,2,19,74,87,4722,708,62335.0,2
1,7,3,55,95,4968,25,42033.0,1
0,1,11,43,72,4807,746,86580.0,2
1,7,4,69,5,4965,32,41437.0,1
2,5,23,75,86,4436,1695,73705.0,2
5,6,23,50,80,4987,1080,61064.0,0
3,7,6,71,62,4411,72,38452.0,1
3,7,7,37,49,4541,57,18358.0,1
6,5,19,53,85,4420,660,55012.0,0
4,8,7,53,7,4955,103,9722.0,1
3,7,8,42,6,4599,153,38175.0,1
4,6,28,70,25,4967,1220,58656.0,0
2,7,11,61,55,5002,279,52117.0,0
1,5,19,48,81,4498,745,64813.0,2
1,3,11,53,98,4440,264,54222.0,1
1,1,21,40,31,4332,2157,83512.0,2
1,4,22,67,30,4625,1526,77520.0,2
1,5,5,48,98,4766,69,41154.0,1
1,3,25,60,92,4916,1597,80398.0,2
2,6,6,34,41,4351,64,18746.0,1
6,8,12,42,68,4913,497,35196.0,0
2,5,15,70,78,4725,1067,60230.0,2
2,7,5,49,46,4372,31,22108.0,1
5,7,9,52,71,4617,211,44392.0,1
4,6,21,50,6,4901,877,55424.0,0
1,8,3,47,82,4852,11,17688.0,1
1,3,24,43,71,4744,2034,92491.0,2
1,2,18,35,32,4517,1991,90273.0,2
0,2,24,64,28,4408,1686,82571.0,2
5,8,12,44,20,4472,324,38513.0,1
3,6,6,47,10,4392,69,16653.0,1
5,8,11,71,7,4928,252,42586.0,0
1,6,4,61,67,4858,54,23529.0,1
4,5,23,65,48,4798,964,74881.0,0
2,4,26,75,61,4817,1327,71107.0,2
2,6,5,62,36,4418,68,46910.0,1
1,8,4,67,77,4868,60,18690.0,1
1,7,4,71,90,4748,55,37244.0,1
1,1,20,60,35,4429,1456,82427.0,2
1,4,17,68,38,4739,563,75342.0,2
4,5,22,72,46,4816,1504,70044.0,0
2,6,17,59,33,4386,564,79146.0,2
1,1,22,63,70,4535,1125,77437.0,2
4,7,13,67,51,4356,358,54984.0,0
1,8,4,55,18,4520,42,42403.0,1
2,6,8,62,97,4386,184,55761.0,1
5,8,14,43,32,4757,460,37292.0,0
1,8,7,81,9,4352,145,45576.0,1
1,4,24,79,6,4849,1376,70321.0,2
2,8,21,57,80,4845,792,58086.0,0
1,2,22,74,74,4931,1382,81795.0,2
1,7,3,79,49,4906,28,28389.0,1
1,2,23,80,21,4594,1033,66835.0,2
3,5,20,57,95,4716,882,69901.0,2
2,2,13,77,56,4803,2231,80360.0,2
3,6,16,65,48,4941,1101,63342.0,0
5,6,11,52,26,4975,369,44989.0,0
1,7,4,46,3,4442,48,31859.0,1
4,8,15,77,39,4822,467,51569.0,0
3,7,5,55,33,4871,44,30372.0,1
4,3,6,47,42,4789,38,16014.0,1
3,6,6,58,80,4555,81,41120.0,1
2,9,8,55,9,4649,167,39763.0,1
2,4,5,71,52,4370,45,38725.0,1
3,5,18,54,78,4719,664,77981.0,2
3,4,17,62,68,4612,622,62905.0,2
2,7,5,47,45,4796,48,13533.0,1
2,2,14,51,47,4569,461,59481.0,2
1,5,25,49,34,4633,1073,72117.0,2
2,6,6,40,81,4615,55,21955.0,1
3,6,23,70,72,4780,976,67131.0,0
1,5,4,46,23,4333,20,36802.0,1
1,1,16,44,29,4737,1149,71853.0,2
1,6,5,65,80,4334,43,28249.0,1
2,7,8,51,30,4572,224,47808.0,1
3,9,6,52,15,4969,101,25509.0,1
1,6,9,80,86,4757,209,51012.0,1
1,2,20,41,68,4952,968,70596.0,2
1,0,16,74,54,4706,1165,85431.0,2
1,6,4,59,44,4423,24,42664.0,1
5,8,11,71,7,4928,252,42586.0,0
4,8,8,41,87,4989,165,29760.0,1
2,8,11,49,59,4944,269,28973.0,1
1,7,6,53,16,4647,102,39435.0,1
1,1,18,42,1,4652,461,65370.0,2
2,6,5,47,64,4879,47,20194.0,1
3,5,7,50,72,4452,144,42473.0,1
1,6,23,58,98,4943,1338,64590.0,2
2,7,23,67,91,4533,917,71232.0,2
5,8,12,55,8,4864,318,34600.0,0
4,8,10,59,20,4923,253,46904.0,0
5,6,15,53,6,4966,502,49094.0,0
1,6,6,43,54,4522,119,36075.0,1
13,8,16,47,72,4990,1250,60839.0,0
1,3,23,47,46,4559,969,77298.0,2
3,5,6,76,11,4648,76,34026.0,1
2,4,5,63,21,4398,62,48918.0,1
1,1,25,64,89,4638,1382,82122.0,2
1,6,6,50,82,4462,84,37697.0,1
5,6,9,74,69,4671,255,34074.0,0
1,6,4,66,55,4700,43,28520.0,1
1,3,13,71,13,4589,398,62535.0,2
2,6,6,49,80,4394,76,36273.0,1
2,4,13,62,97,4343,902,63404.0,2
1,4,20,45,27,4378,823,75774.0,2
2,3,24,50,99,4322,1179,78416.0,2
1,6,28,52,87,4943,1921,75702.0,2
2,5,8,75,85,4747,185,59385.0,1
9,7,14,60,30,4786,433,37070.0,0
2,7,4,75,82,4490,34,44689.0,1
5,5,22,68,21,4706,907,53977.0,0
0,0,25,60,92,4524,416,7144.0,2
4,5,6,62,95,4710,44,18701.0,1
1,1,16,70,2,4382,1588,90369.0,2
1,3,16,52,74,4921,1797,63159.0,2
2,8,4,60,49,4953,40,37758.0,1
6,9,15,63,71,4910,1143,46757.0,0
1,1,13,57,72,4321,914,79734.0,2
1,7,11,34,68,4845,1502,63207.0,2
3,2,17,72,4,4820,1338,72071.0,2
1,9,4,43,80,4663,27,21840.0,1
2,5,20,44,15,4594,763,58582.0,2
1,7,21,75,70,4665,1331,72282.0,2
3,5,16,70,91,4622,525,50387.0,0
1,7,3,65,10,4334,9,32583.0,1
3,4,13,64,99,4403,953,62568.0,2
2,7,5,55,25,4581,68,44635.0,1
3,6,7,55,34,4588,131,33316.0,1
3,2,20,58,57,4644,882,63967.0,2
2,7,23,48,84,4983,1149,52513.0,0
1,8,4,57,51,4607,37,25293.0,1
2,5,13,61,97,4628,388,54111.0,1
1,2,15,40,13,4819,1428,78394.0,2
1,1,23,68,92,4722,1633,80739.0,2
3,9,7,51,30,4723,173,22669.0,1
2,9,7,39,30,4584,99,29236.0,1
3,7,9,67,11,4791,215,44911.0,1
8,6,23,64,72,4817,929,54693.0,0
3,7,9,52,39,4421,219,48186.0,1
4,4,8,49,0,4611,174,54809.0,1
3,5,6,48,15,4886,92,41580.0,1
1,1,24,56,12,4613,1052,80336.0,2
3,6,11,69,56,4784,275,47743.0,0
2,6,14,71,39,5015,587,62972.0,0
11,6,22,72,55,4965,1662,57333.0,0
3,9,8,44,60,4823,159,32313.0,1
1,2,17,73,73,4711,1024,84953.0,2
2,6,5,58,90,4387,35,27071.0,1
1,2,14,69,86,4622,1042,68148.0,2
5,7,14,61,37,4524,395,65735.0,0
1,5,22,51,7,4975,557,86836.0,2
15,19,0,63,29,4326,9,4023.0,0
1,7,5,36,19,4676,69,30093.0,1
3,6,15,60,14,4489,486,57705.0,0
2,8,4,38,72,4467,34,25008.0,1
1,6,27,31,56,4969,1365,83257.0,2
1,8,3,51,85,4726,13,22280.0,1
1,2,20,48,62,4928,1401,72159.0,2
1,3,13,65,1,4854,1574,64260.0,2
1,4,19,42,28,4612,1323,82733.0,2
4,6,28,55,70,4641,1217,74290.0,2
1,6,6,75,84,4909,103,58217.0,1
1,7,6,50,89,4680,84,21024.0,1
1,1,22,54,73,4839,1536,70116.0,2
2,7,16,41,42,4969,581,54006.0,0
1,3,13,60,16,4919,928,69063.0,2
1,6,3,51,16,4516,14,11448.0,1
1,4,14,47,56,4646,424,61825.0,2
1,2,13,55,65,4578,960,70886.0,2
1,4,19,44,10,4917,1555,69109.0,2
11,7,18,53,13,4950,656,60208.0,0
3,5,6,58,78,4616,55,32889.0,1
1,6,4,42,51,4369,20,34738.0,1
4,10,13,55,27,4956,367,30538.0,0
1,2,21,49,30,4431,2257,82326.0,2
2,6,5,59,71,4440,42,26642.0,1
2,4,24,62,97,4702,1049,69932.0,2
2,6,5,54,83,4394,48,44503.0,1
6,6,19,78,3,4863,685,60200.0,0
1,2,4,74,71,4391,39,49638.0,1
1,7,4,39,3,4462,43,23830.0,1
3,9,18,67,15,5002,835,33051.0,0
1,1,19,68,52,4479,1515,72905.0,2
2,4,24,75,8,4815,1039,69702.0,2
3,8,23,51,89,4669,1596,70300.0,2
1,6,17,42,66,4942,1828,70643.0,2
2,7,4,57,22,4380,34,30396.0,1
2,7,8,58,56,4392,149,50616.0,1
1,2,22,57,74,4726,946,62772.0,2
1,3,5,41,48,4361,28,30298.0,1
2,7,15,42,67,4923,450,52413.0,0
1,4,4,69,24,4481,46,44155.0,1
1,2,15,55,67,4554,1702,86979.0,2
4,5,21,51,38,4613,820,76532.0,2
2,6,13,44,86,4808,382,42081.0,1
1,3,19,38,90,4987,2126,67546.0,2
1,1,19,37,87,4378,2069,88420.0,2
2,8,5,41,62,4838,72,31158.0,1
8,8,20,58,23,4346,732,61671.0,0
1,1,10,52,99,4354,801,69719.0,2
2,6,10,77,29,4572,236,49160.0,1
1,6,4,48,52,4978,80,24882.0,1
1,1,14,72,90,4410,1685,90933.0,2
0,1,27,81,9,4352,277,113734.0,2
2,3,16,76,71,4701,507,59292.0,2
2,7,5,62,13,4811,68,45759.0,1
1,7,4,43,16,4397,49,22148.0,1
1,2,14,39,94,4423,397,73395.0,2
3,6,6,55,77,4568,39,29819.0,1
2,4,12,58,20,4475,306,45688.0,1
1,1,13,72,51,4734,976,62820.0,2
4,5,24,55,81,4616,1028,60491.0,2
1,7,6,40,71,4464,70,33235.0,1
1,6,4,67,36,4787,46,35701.0,1
1,7,4,46,95,4596,51,31535.0,1
0,0,21,66,32,4390,1263,92556.0,2
2,5,20,56,32,4916,1490,67384.0,2
1,2,23,55,85,4943,1564,80573.0,2
3,8,15,59,93,4996,1815,77870.0,0
6,8,25,63,24,4840,1198,52278.0,0
7,8,16,58,44,4994,416,57107.0,0
1,6,5,36,15,4818,85,18929.0,1
2,6,6,45,82,4714,47,36038.0,1
1,7,7,50,27,4814,137,20180.0,1
1,7,3,61,72,4870,21,34230.0,1
1,3,5,49,7,4327,70,31878.0,1
2,3,20,54,57,4481,909,70932.0,2
0,4,22,70,84,4937,1676,91249.0,2
1,3,25,83,53,4591,1735,77598.0,2
3,5,27,67,48,4857,1191,80982.0,2
1,5,4,49,2,4617,24,22701.0,1
3,8,17,57,65,4903,1182,55212.0,0
1,2,13,56,45,4691,1280,70617.0,2
1,5,18,69,42,4913,1336,64849.0,2
5,7,19,61,29,4697,749,62694.0,0
1,5,6,52,83,4541,91,61917.0,1
2,3,13,79,93,4594,414,67472.0,2
3,6,6,44,40,4493,44,21059.0,1
2,7,6,58,47,4409,63,29543.0,1
2,3,21,75,50,4767,901,75903.0,2
2,7,4,51,40,4981,38,34984.0,1
5,4,15,70,3,4796,455,54998.0,0
3,8,21,77,62,4907,775,54356.0,0
1,5,3,67,25,4418,15,34242.0,1
1,4,5,53,48,4622,38,25410.0,1
1,2,21,42,56,4463,1512,73356.0,2
1,8,4,76,68,4851,43,28320.0,1
1,7,4,49,64,5011,42,23763.0,1
1,1,22,42,67,4385,1089,72570.0,2
2,7,7,50,94,4973,162,34529.0,1
2,3,17,75,82,4828,1272,70792.0,2
2,2,18,44,3,4924,1173,63211.0,2
1,1,21,52,24,4329,816,83891.0,2
3,8,6,58,54,4775,74,36065.0,1
2,7,7,72,20,4822,134,39898.0,1
1,5,8,86,96,4676,157,51141.0,1
2,3,16,50,19,4604,561,56939.0,2
1,1,18,75,60,4368,1336,80872.0,2
1,8,22,50,2,5005,2092,72335.0,2
1,4,15,62,13,4538,463,61798.0,2
1,0,16,76,37,4377,1130,76842.0,2
1,6,4,50,59,4483,20,29478.0,1
5,7,13,70,55,4935,377,46998.0,0
1,2,27,36,60,4752,1544,96843.0,2
3,4,7,76,48,4373,138,56551.0,1
3,5,23,61,38,4681,1012,70053.0,2
1,6,14,64,8,4675,1766,71670.0,2
3,3,6,48,19,4332,45,44359.0,1
3,9,7,74,32,4739,161,40887.0,1
1,7,7,60,27,4495,144,48877.0,1
1,3,25,79,58,4629,1734,74485.0,2
2,5,20,54,59,4570,823,64474.0,2
2,3,26,63,29,4441,1138,77226.0,2
1,2,20,77,60,4807,1429,72643.0,2
1,1,20,48,41,4477,1371,85738.0,2
2,4,14,60,27,4820,982,55686.0,2
1,4,4,43,28,4416,44,39062.0,1
5,8,12,55,8,4864,318,34600.0,0
2,7,14,51,18,4768,434,40794.0,1
3,3,9,55,76,4554,198,54690.0,1
0,1,25,57,0,4587,359,4428.0,2
2,5,16,63,32,5016,576,32632.0,0
4,7,7,58,2,4602,88,38236.0,1
1,8,5,47,16,4400,63,36781.0,1
1,8,3,42,56,4891,27,31385.0,1
3,9,8,42,97,4807,193,24570.0,1
3,9,6,52,15,4969,101,25509.0,1
0,1,21,75,35,4457,2211,94642.0,2
1,4,7,64,3,4704,140,58646.0,1
8,7,14,51,49,4822,415,53201.0,0
1,5,3,69,4,4872,22,21994.0,1
6,7,10,48,45,4828,263,57113.0,0
1,4,11,35,37,4692,393,51373.0,1
3,8,7,40,39,4571,147,23477.0,1
2,2,14,70,38,4397,443,58116.0,2
1,3,18,63,8,4515,1958,72968.0,2
2,7,8,55,89,4778,174,39791.0,1
0,3,27,79,47,4575,2217,91712.0,2
1,5,15,68,75,4407,1691,94472.0,2
2,8,4,66,86,4758,25,13672.0,1
0,2,21,46,4,4357,809,96547.0,2
1,4,15,51,73,4989,895,79205.0,2
3,4,15,51,46,4871,484,56559.0,0
4,8,14,53,38,4849,413,32644.0,0
1,3,11,46,73,4498,331,67506.0,2
1,6,4,56,66,4798,25,24206.0,1
1,6,3,59,36,4507,13,28420.0,1
3,8,7,56,29,4981,115,22979.0,1
1,3,3,60,29,4337,16,33279.0,1
3,7,6,54,6,4604,92,46423.0,1
2,8,5,49,97,4554,52,30368.0,1
3,5,20,56,61,4900,1464,63684.0,2
4,8,13,62,68,4821,441,41638.0,0
1,2,11,67,73,4605,283,68805.0,2
3,5,20,60,90,4439,747,65814.0,2
1,3,16,68,81,4725,1870,71964.0,2
3,8,8,40,1,4820,165,39146.0,1
1,2,23,49,79,4647,1941,96876.0,2
6,9,21,45,92,4838,839,34445.0,0
1,5,24,68,31,5011,1655,68281.0,2
1,6,3,51,46,4777,23,37284.0,1
1,9,5,43,14,4805,66,36790.0,1
3,8,5,59,89,4760,37,27943.0,1
2,6,4,75,31,4411,21,22263.0,1
1,8,3,54,75,4962,22,30261.0,1
3,6,6,48,42,4457,78,28587.0,1
1,6,5,44,53,4770,79,43815.0,1
6,6,11,70,53,4479,265,48195.0,0
2,4,17,74,23,4464,1175,77027.0,2
2,4,26,61,57,4818,1305,71322.0,2
2,5,6,47,49,4446,46,32765.0,1
1,6,3,61,6,4794,25,29672.0,1
1,4,4,73,29,4575,46,23272.0,1
4,8,22,77,5,4980,874,49912.0,0
4,9,6,41,98,5017,100,7500.0,1
2,6,23,79,80,4796,930,68117.0,2
3,5,20,71,4,4535,868,67225.0,2
3,8,6,50,70,4549,45,17649.0,1
4,7,25,51,32,4746,1260,55914.0,0
1,8,11,42,82,4594,414,40059.0,1
2,2,13,76,27,4526,392,60905.0,2
4,6,25,49,94,4953,1109,75330.0,0
4,3,18,75,23,4713,639,60689.0,0
1,7,5,42,97,4778,79,38680.0,1
1,6,23,44,25,4826,1665,61416.0,2
1,4,17,35,92,4743,692,49767.0,2
10,7,19,56,98,4962,1392,83273.0,0
2,6,5,45,19,4532,44,29009.0,1
1,5,5,47,80,4530,50,45057.0,1
8,7,13,55,80,4976,467,37150.0,0
3,6,9,56,79,4531,223,43020.0,1
1,4,8,67,50,4340,158,53154.0,1
1,4,27,53,60,4611,1211,65308.0,2
2,6,12,56,44,5001,1575,76467.0,2
1,1,21,79,0,4504,1208,81044.0,2
1,4,4,75,28,4797,43,32871.0,1
6,7,15,51,35,4600,527,55801.0,0
2,2,13,67,49,4327,932,76320.0,2
2,8,6,71,46,4347,71,36927.0,1
1,4,4,73,97,4323,54,48794.0,1
1,8,6,61,51,4787,129,23478.0,1
3,7,24,53,80,4951,1615,71128.0,0
3,5,23,50,10,4663,1034,70179.0,2
2,7,23,76,29,4860,1088,59462.0,0
7,3,18,57,52,4727,721,51381.5,0
3,7,7,57,74,4504,137,38361.0,1
2,6,6,45,82,4714,47,51381.5,1
1,2,16,44,54,4567,1244,70038.0,2
2,4,5,48,93,4853,41,42554.0,1
5,6,27,52,63,5006,1174,67445.0,0
2,2,13,75,92,4859,993,67046.0,2
1,4,6,78,40,4616,100,42192.0,1
2,7,15,74,70,4928,1680,77610.0,2
2,5,7,42,96,4405,98,31761.0,1
1,7,4,47,81,4573,48,34350.0,1
3,5,16,77,63,4648,519,54591.0,0
1,3,19,70,85,4506,715,71866.0,2
1,8,4,57,51,4607,37,25293.0,1
2,5,18,39,23,4855,653,42000.0,0
1,5,20,43,95,4677,1455,69520.0,2
2,4,17,56,11,4462,602,64713.0,2
1,6,4,49,42,4679,26,27889.0,1
1,5,6,66,77,4414,102,22123.0,1
4,8,6,55,82,4803,97,51381.5,1
2,6,9,72,83,4691,207,51381.5,1
2,8,7,53,40,4992,176,27803.0,1
3,7,12,71,95,4574,450,51381.5,0
4,8,13,66,32,4919,433,51651.0,0
1,4,29,38,48,4852,1366,68487.0,2
1,1,21,83,75,4562,1564,51381.5,2
3,7,24,57,24,4818,1001,56796.0,0
1,2,17,34,61,4881,961,87000.0,2
1,2,22,67,6,4410,1518,79823.0,2
2,3,6,46,16,4588,56,30828.0,1
1,4,3,55,39,4555,22,34109.0,1
7,7,14,52,2,4622,400,53367.0,0
1,7,3,57,49,4571,26,22390.0,1
1,2,12,50,31,4378,350,71322.0,2
1,1,21,33,58,4877,1216,79244.0,2
4,8,22,77,5,4980,874,49912.0,0
1,5,4,76,90,4724,40,48699.0,1
1,1,18,51,47,4592,1367,80144.0,2
5,6,10,70,25,4717,264,54252.0,0
2,6,18,50,60,4958,2053,81929.0,2
1,6,9,51,67,4897,1376,76068.0,2
1,4,4,50,40,4421,45,53204.0,1
3,3,24,77,63,4358,976,67911.0,2
2,9,4,42,1,4970,51,14796.0,1
2,3,18,52,89,4450,1264,78128.0,2
1,6,6,54,40,4806,75,14188.0,1
2,7,5,40,5,4928,57,20425.0,1
1,4,7,64,3,4704,140,58646.0,1
2,5,17,56,1,4881,497,72967.0,2
3,7,10,77,24,4706,266,48150.0,0
1,2,20,65,89,4970,2006,82332.0,2
6,7,17,71,48,4712,615,58275.0,0
1,6,23,45,31,4875,1021,44953.0,2
2,4,4,73,68,4364,22,34587.0,1
1,5,6,52,46,4560,133,43018.0,1
5,7,14,72,92,4660,437,45736.0,0
2,4,24,57,80,4527,1013,66476.0,2
2,7,5,45,16,4627,57,27733.0,1
2,2,25,74,50,4479,1038,69805.0,2
1,2,21,64,93,4765,1573,72217.0,2
1,7,3,55,51,4939,28,25818.0,1
2,7,7,50,24,4975,123,37509.0,1
1,7,3,50,79,4643,13,25176.0,1
3,8,7,46,26,4988,132,43586.0,1
4,5,19,70,86,5015,732,53230.0,0
2,5,5,69,68,4329,66,50116.0,1
1,2,23,54,98,4588,1631,84906.0,2
2,5,16,60,34,4651,608,61286.0,2
1,2,17,40,60,4776,1822,82333.0,2
4,6,19,61,3,4984,1282,65220.0,0
1,7,3,52,65,4558,8,33590.0,1
1,7,4,50,83,4753,43,30992.0,1
1,3,19,50,64,4795,1931,72309.0,2
0,0,0,77,85,4624,8,156924.0,2
3,8,5,46,69,5004,103,16005.0,1
3,2,14,69,48,4490,1169,65487.0,2
1,7,14,61,21,4404,395,58692.0,1
5,6,10,57,30,4590,258,40590.0,0
1,7,4,56,39,4369,25,20587.0,1
1,2,9,72,76,4440,185,62637.0,2
4,9,7,60,11,5012,180,29435.0,0
1,8,4,52,26,4470,22,19346.0,1
2,6,5,55,34,4477,44,35788.0,1
5,5,7,58,72,4833,94,36997.0,0
1,6,6,69,13,4441,81,23539.0,1
7,6,21,53,58,4483,798,65333.0,0
1,4,18,69,12,4538,1334,78499.0,2
1,9,4,55,23,4416,38,29732.0,1
4,5,7,66,33,4417,61,41275.0,1
4,5,12,53,30,4678,300,63516.0,0
2,4,6,64,15,4580,88,42769.0,1
2,7,5,68,25,4516,54,49572.0,1
2,4,14,54,4,4970,1782,69209.0,2
4,8,7,50,80,4472,68,17148.0,1
5,6,10,57,30,4590,258,40590.0,0
1,7,4,50,6,4687,31,30560.0,1
2,6,6,43,16,4368,66,32146.0,1
5,6,8,62,57,4381,174,41713.0,1
1,3,4,51,9,4478,28,34176.0,1
2,6,20,71,59,4429,731,58482.0,2
1,4,11,61,78,4475,274,59686.0,1
3,6,23,62,90,4946,1701,60896.0,0
1,6,12,46,74,4437,312,62994.0,1
6,6,14,69,10,4652,414,47320.0,0
1,3,22,77,63,4711,1565,74859.0,2
2,7,4,34,13,4564,29,15253.0,1
2,8,6,52,98,4690,94,31560.0,1
3,2,17,72,4,4820,1338,72071.0,2
0,3,14,36,94,4779,1092,91172.0,2
1,1,17,42,91,4508,1479,90000.0,2
1,4,4,45,66,4538,54,41967.0,1
1,6,17,61,14,4436,568,69263.0,2
1,7,26,56,77,4686,1199,65706.0,2
2,4,21,51,41,4483,873,60934.0,2
3,3,14,75,21,4655,1213,71965.0,2
2,6,20,71,25,4431,731,65210.0,2
1,2,18,51,2,4854,2043,79174.0,2
1,2,16,59,51,4874,1893,81380.0,2
5,8,14,53,3,4939,424,48432.0,0
2,7,13,55,32,4858,575,52914.0,0
2,5,10,71,84,4568,257,38946.0,1
3,8,6,52,49,4557,56,26067.0,1
4,8,17,54,69,4799,542,44325.0,0
1,2,6,62,96,4387,125,42523.0,1
3,5,6,48,23,4725,69,26487.0,1
1,4,4,69,18,4423,40,53233.0,1
4,5,24,66,8,4855,1016,67716.0,0
1,3,22,54,21,4463,907,76234.0,2
1,2,23,70,60,4369,1566,84117.0,2
3,2,14,69,48,4490,1169,65487.0,2
2,3,5,54,36,4425,46,25224.0,1
1,2,24,43,36,4809,1644,89616.0,2
1,7,4,55,63,4813,59,40851.0,1
1,6,3,79,2,5016,17,27469.0,1
1,3,24,69,38,4920,1853,82347.0,2
2,6,20,69,61,5017,1528,73803.0,2
4,8,6,74,52,4784,35,8820.0,1
1,7,7,52,25,4389,141,43322.0,1
2,6,15,53,63,4632,546,55593.0,1
7,6,13,72,10,4696,500,50501.0,0
4,8,6,51,65,4323,61,37085.0,1
2,8,6,36,71,4648,106,16185.0,1
4,6,22,57,0,4903,704,57731.0,0
5,8,14,53,3,4939,424,48432.0,0
2,2,21,48,88,4863,849,73807.0,2
1,6,5,36,15,4818,85,18929.0,1
6,8,9,58,80,4942,199,35893.0,0
4,7,16,46,17,5007,1147,61014.0,0
4,7,6,72,76,4418,54,32144.0,1
1,6,4,63,52,4889,43,14918.0,1
2,4,4,63,28,4669,53,45146.0,1
6,8,16,71,31,4821,521,41769.0,0
1,2,17,45,42,4464,1623,88325.0,2
2,7,5,76,24,4379,45,38054.0,1
1,2,18,31,42,4945,1435,80617.0,2
0,13,1,50,12,4654,32,5305.0,1
1,6,3,72,88,4876,16,36807.0,1
2,8,5,43,67,4785,52,28427.0,1
0,1,17,78,54,4405,1234,82032.0,2
1,8,3,48,40,4695,15,22775.0,1
4,7,13,41,73,4943,415,40101.0,0
3,4,15,47,81,4535,470,58025.0,2
1,1,20,44,12,4680,1438,75777.0,2
4,7,7,47,7,4738,53,7500.0,1
3,4,6,63,33,4324,51,33562.0,1
3,4,19,56,24,4491,679,57642.0,2
6,7,16,58,55,4961,586,58554.0,0
8,8,18,47,87,4782,653,63777.0,0
5,5,14,64,39,4803,468,57967.0,0
0,0,1,48,53,5006,1679,51381.5,2
2,7,5,54,9,4362,50,24434.0,1
3,9,6,42,82,4790,84,11012.0,1
2,8,25,56,71,4997,1049,44802.0,0
1,4,3,40,50,5001,22,26816.0,1
1,7,3,52,81,4683,30,34421.0,1
2,5,16,59,46,4701,1341,61223.0,2
7,7,15,80,56,4339,444,64014.0,0
1,6,18,45,91,4475,1241,56981.0,2
2,3,21,70,8,4476,843,69245.0,2
3,7,8,72,40,4942,172,52869.0,0
